,Images,Target
0,/Users/tsiameh/Desktop/PhD.MSU/Spring2021/PatternRecognition/project/PatternRecognition/Mask_NoMask/test/jcqewjmnixvdytkvwuvgywcblhvotx.jpg,0
1,/Users/tsiameh/Desktop/PhD.MSU/Spring2021/PatternRecognition/project/PatternRecognition/Mask_NoMask/test/orzwzwgaccsbeglnbxsitvpxcivdcm.jpg,0
2,/Users/tsiameh/Desktop/PhD.MSU/Spring2021/PatternRecognition/project/PatternRecognition/Mask_NoMask/test/pbndybjpdykkiinslkpnepifijnsvd.jpg,0
3,/Users/tsiameh/Desktop/PhD.MSU/Spring2021/PatternRecognition/project/PatternRecognition/Mask_NoMask/test/zuxvwdblfwjpibjexgfglpyreqslhs.jpg,1
4,/Users/tsiameh/Desktop/PhD.MSU/Spring2021/PatternRecognition/project/PatternRecognition/Mask_NoMask/test/zneawovpezfvxphxdlzgpjhllyxuss.jpg,0
5,/Users/tsiameh/Desktop/PhD.MSU/Spring2021/PatternRecognition/project/PatternRecognition/Mask_NoMask/test/kmxjicdqvpfpvrhqukkpumdscvgnob.jpg,1
6,/Users/tsiameh/Desktop/PhD.MSU/Spring2021/PatternRecognition/project/PatternRecognition/Mask_NoMask/test/ufjcnzoabfdevufathmxztkvmlfgmd.jpg,0
7,/Users/tsiameh/Desktop/PhD.MSU/Spring2021/PatternRecognition/project/PatternRecognition/Mask_NoMask/test/dxkxrtwzulytuhegnxjznhxxsqdvjt.jpg,0
8,/Users/tsiameh/Desktop/PhD.MSU/Spring2021/PatternRecognition/project/PatternRecognition/Mask_NoMask/test/llecnksnwfhbpbcjzzijseaoxblcbo.jpg,0
9,/Users/tsiameh/Desktop/PhD.MSU/Spring2021/PatternRecognition/project/PatternRecognition/Mask_NoMask/test/ixbtflbbatnitjiveitztqwnjfvidt.jpg,1
10,/Users/tsiameh/Desktop/PhD.MSU/Spring2021/PatternRecognition/project/PatternRecognition/Mask_NoMask/test/gdwbhsehebmpgcfbndlibiccryfxid.jpg,0
11,/Users/tsiameh/Desktop/PhD.MSU/Spring2021/PatternRecognition/project/PatternRecognition/Mask_NoMask/test/dobrsakjzqfkkwbuvhfpxgjynstyjd.jpg,1
12,/Users/tsiameh/Desktop/PhD.MSU/Spring2021/PatternRecognition/project/PatternRecognition/Mask_NoMask/test/gbdwbyuafezgszupikmwrdivflidna.jpg,1
13,/Users/tsiameh/Desktop/PhD.MSU/Spring2021/PatternRecognition/project/PatternRecognition/Mask_NoMask/test/dshtrcyfhcxdnmqcpqaachrxbmraqm.png,0
14,/Users/tsiameh/Desktop/PhD.MSU/Spring2021/PatternRecognition/project/PatternRecognition/Mask_NoMask/test/zhkdanqqseexvicplcyekiwjqqlhhz.jpg,1
15,/Users/tsiameh/Desktop/PhD.MSU/Spring2021/PatternRecognition/project/PatternRecognition/Mask_NoMask/test/bynakhmyescxfghpzliqaaewgtlhas.jpg,0
16,/Users/tsiameh/Desktop/PhD.MSU/Spring2021/PatternRecognition/project/PatternRecognition/Mask_NoMask/test/dyjtodxzlakemnjmxwcvxezykwmvoo.jpg,1
17,/Users/tsiameh/Desktop/PhD.MSU/Spring2021/PatternRecognition/project/PatternRecognition/Mask_NoMask/test/yegdjxoapgowmbnvlrdryvaecnynya.jpg,0
18,/Users/tsiameh/Desktop/PhD.MSU/Spring2021/PatternRecognition/project/PatternRecognition/Mask_NoMask/test/bivegebpyjsmiaylkruufjevjxqydc.jpg,0
19,/Users/tsiameh/Desktop/PhD.MSU/Spring2021/PatternRecognition/project/PatternRecognition/Mask_NoMask/test/duythftfcibydcrmobngveppsbczuq.jpg,0
20,/Users/tsiameh/Desktop/PhD.MSU/Spring2021/PatternRecognition/project/PatternRecognition/Mask_NoMask/test/wwibybtbnrvydizirztvgsbuulpouw.jpg,1
21,/Users/tsiameh/Desktop/PhD.MSU/Spring2021/PatternRecognition/project/PatternRecognition/Mask_NoMask/test/greuliaymizfmfvngfqmrbzayusphp.jpg,1
22,/Users/tsiameh/Desktop/PhD.MSU/Spring2021/PatternRecognition/project/PatternRecognition/Mask_NoMask/test/ilyczntkhdwwqxgayvmewwrvonzokc.jpg,0
23,/Users/tsiameh/Desktop/PhD.MSU/Spring2021/PatternRecognition/project/PatternRecognition/Mask_NoMask/test/aadawlxbmapqrblgxyzarhjasgiobu.png,0
24,/Users/tsiameh/Desktop/PhD.MSU/Spring2021/PatternRecognition/project/PatternRecognition/Mask_NoMask/test/sseuokumxzgersmrlhofzkzgrkozkq.png,0
25,/Users/tsiameh/Desktop/PhD.MSU/Spring2021/PatternRecognition/project/PatternRecognition/Mask_NoMask/test/zkmcdlytdocncvgmigqhklfvjqwrni.jpg,1
26,/Users/tsiameh/Desktop/PhD.MSU/Spring2021/PatternRecognition/project/PatternRecognition/Mask_NoMask/test/wqzkxqasodsnxcugavcqsuqmdwqfoa.png,0
27,/Users/tsiameh/Desktop/PhD.MSU/Spring2021/PatternRecognition/project/PatternRecognition/Mask_NoMask/test/griokgoxjwgbtlffxnqnoefynizroa.jpg,1
28,/Users/tsiameh/Desktop/PhD.MSU/Spring2021/PatternRecognition/project/PatternRecognition/Mask_NoMask/test/wrtiyoywiyiawtrnbizxykeqjoesmb.jpg,0
29,/Users/tsiameh/Desktop/PhD.MSU/Spring2021/PatternRecognition/project/PatternRecognition/Mask_NoMask/test/wbfrwkddjwawzxnikfrpffjxtowjhv.jpg,1
30,/Users/tsiameh/Desktop/PhD.MSU/Spring2021/PatternRecognition/project/PatternRecognition/Mask_NoMask/test/ufhysrqbbzlrqymeekhvxkoqeyxbyo(1).jpg,1
31,/Users/tsiameh/Desktop/PhD.MSU/Spring2021/PatternRecognition/project/PatternRecognition/Mask_NoMask/test/smwljmgvodmaektpwpvsjbgbemexkz.jpg,0
32,/Users/tsiameh/Desktop/PhD.MSU/Spring2021/PatternRecognition/project/PatternRecognition/Mask_NoMask/test/nqhxoimohubxlnbgxulnralrtxyfwo.jpg,1
33,/Users/tsiameh/Desktop/PhD.MSU/Spring2021/PatternRecognition/project/PatternRecognition/Mask_NoMask/test/gdkceqpjaozdsbfuaapadetsdgsoyz.jpg,0
34,/Users/tsiameh/Desktop/PhD.MSU/Spring2021/PatternRecognition/project/PatternRecognition/Mask_NoMask/test/nnlxnagizcelrbzdeqpxyonlfardpk.jpg,0
35,/Users/tsiameh/Desktop/PhD.MSU/Spring2021/PatternRecognition/project/PatternRecognition/Mask_NoMask/test/ykmaworjsfbglvakdrsbqhupjiqkhn.jpg,1
36,/Users/tsiameh/Desktop/PhD.MSU/Spring2021/PatternRecognition/project/PatternRecognition/Mask_NoMask/test/lbvuqszvcwajhzclogpiprfgxiswpr.jpg,0
37,/Users/tsiameh/Desktop/PhD.MSU/Spring2021/PatternRecognition/project/PatternRecognition/Mask_NoMask/test/gsphpflowsxvbzmqoehtwimxigmexc.jpg,1
38,/Users/tsiameh/Desktop/PhD.MSU/Spring2021/PatternRecognition/project/PatternRecognition/Mask_NoMask/test/wgkzydvcyrnzspiukwtrbmwptujyoo.jpg,0
39,/Users/tsiameh/Desktop/PhD.MSU/Spring2021/PatternRecognition/project/PatternRecognition/Mask_NoMask/test/eqycjhiuvqojearvldxihxvmrajwtc.jpg,1
40,/Users/tsiameh/Desktop/PhD.MSU/Spring2021/PatternRecognition/project/PatternRecognition/Mask_NoMask/test/ajnjnkvstqesvfohaptobyasrkmcnq.jpg,1
41,/Users/tsiameh/Desktop/PhD.MSU/Spring2021/PatternRecognition/project/PatternRecognition/Mask_NoMask/test/xykoojgoemrcfmvdobwvlurbpoikpq.jpg,1
42,/Users/tsiameh/Desktop/PhD.MSU/Spring2021/PatternRecognition/project/PatternRecognition/Mask_NoMask/test/bctvvfysokpohqxzngbuuaugtgtkov.jpg,1
43,/Users/tsiameh/Desktop/PhD.MSU/Spring2021/PatternRecognition/project/PatternRecognition/Mask_NoMask/test/volxwqaiygijoxnemgujucdvaxcmla.jpg,0
44,/Users/tsiameh/Desktop/PhD.MSU/Spring2021/PatternRecognition/project/PatternRecognition/Mask_NoMask/test/wkvfouqvychfqwsmjnhkraowobkxgy.jpg,1
45,/Users/tsiameh/Desktop/PhD.MSU/Spring2021/PatternRecognition/project/PatternRecognition/Mask_NoMask/test/jvpejwtddpkhiqhcikzoaojczgdwfz(1).jpg,0
46,/Users/tsiameh/Desktop/PhD.MSU/Spring2021/PatternRecognition/project/PatternRecognition/Mask_NoMask/test/wtcbodbqepiirrtgpzclqipkojxodr.jpg,1
47,/Users/tsiameh/Desktop/PhD.MSU/Spring2021/PatternRecognition/project/PatternRecognition/Mask_NoMask/test/lckpbjorlzqrhcccowfsaltairdvtd.png,0
48,/Users/tsiameh/Desktop/PhD.MSU/Spring2021/PatternRecognition/project/PatternRecognition/Mask_NoMask/test/dihlagwlolbphxxdxmfbsmaeqqqcgs.jpeg,1
49,/Users/tsiameh/Desktop/PhD.MSU/Spring2021/PatternRecognition/project/PatternRecognition/Mask_NoMask/test/eofsqiwaevaeqkxjdayeeyzhliteho.jpg,1
50,/Users/tsiameh/Desktop/PhD.MSU/Spring2021/PatternRecognition/project/PatternRecognition/Mask_NoMask/test/lazlpqdyqxvdtgtfuwkcplrmtcoeoq.jpg,0
51,/Users/tsiameh/Desktop/PhD.MSU/Spring2021/PatternRecognition/project/PatternRecognition/Mask_NoMask/test/broomszdrrefxhmthsxwurzfuutkft(1).jpeg,1
52,/Users/tsiameh/Desktop/PhD.MSU/Spring2021/PatternRecognition/project/PatternRecognition/Mask_NoMask/test/kigglxwgyxssmujauixjszahnjctrd.jpg,1
53,/Users/tsiameh/Desktop/PhD.MSU/Spring2021/PatternRecognition/project/PatternRecognition/Mask_NoMask/test/wcnsyehazqxgakcdbtyehtkwoiwppj.jpg,0
54,/Users/tsiameh/Desktop/PhD.MSU/Spring2021/PatternRecognition/project/PatternRecognition/Mask_NoMask/test/qwztxkkzraedpivehqtrdcfdcrrsse.png,0
55,/Users/tsiameh/Desktop/PhD.MSU/Spring2021/PatternRecognition/project/PatternRecognition/Mask_NoMask/test/vhwotvbcqepkhmhuhqvbdvahsixptb.jpg,1
56,/Users/tsiameh/Desktop/PhD.MSU/Spring2021/PatternRecognition/project/PatternRecognition/Mask_NoMask/test/orsoixyrasfxlkqzngwfasbadeydlh.jpg,0
57,/Users/tsiameh/Desktop/PhD.MSU/Spring2021/PatternRecognition/project/PatternRecognition/Mask_NoMask/test/tewzkpvegeenvrdteiupwxlvyjyffy.jpg,1
58,/Users/tsiameh/Desktop/PhD.MSU/Spring2021/PatternRecognition/project/PatternRecognition/Mask_NoMask/test/mrytehdxapzyymznjhvbvkhutalisi.jpg,0
59,/Users/tsiameh/Desktop/PhD.MSU/Spring2021/PatternRecognition/project/PatternRecognition/Mask_NoMask/test/oojheezdsmrbzaxtpeapauytvovivl.jpg,1
60,/Users/tsiameh/Desktop/PhD.MSU/Spring2021/PatternRecognition/project/PatternRecognition/Mask_NoMask/test/lpxbhrpimmbsyeufegmxiuobcblwen.jpg,0
61,/Users/tsiameh/Desktop/PhD.MSU/Spring2021/PatternRecognition/project/PatternRecognition/Mask_NoMask/test/rwlnkupbstmcbxurjkntrubebavmjd.jpg,0
62,/Users/tsiameh/Desktop/PhD.MSU/Spring2021/PatternRecognition/project/PatternRecognition/Mask_NoMask/test/kugkqjdlyxywogtbietnbvcmpjllwx.jpg,1
63,/Users/tsiameh/Desktop/PhD.MSU/Spring2021/PatternRecognition/project/PatternRecognition/Mask_NoMask/test/ktmunasppplitpubmrdjbiqyuaibnd.jpg,1
64,/Users/tsiameh/Desktop/PhD.MSU/Spring2021/PatternRecognition/project/PatternRecognition/Mask_NoMask/test/uemcqcfhactlnpdguyeqawxiarukdn.jpg,0
65,/Users/tsiameh/Desktop/PhD.MSU/Spring2021/PatternRecognition/project/PatternRecognition/Mask_NoMask/test/cdxocpqismtjtcoiqncmocnyhqipeq.jpg,1
66,/Users/tsiameh/Desktop/PhD.MSU/Spring2021/PatternRecognition/project/PatternRecognition/Mask_NoMask/test/epicmexrbnzcoykteovumnjlpeeejh.jpg,0
67,/Users/tsiameh/Desktop/PhD.MSU/Spring2021/PatternRecognition/project/PatternRecognition/Mask_NoMask/test/owffonqaueruqlyakqnwwekvjaougd.jpg,1
68,/Users/tsiameh/Desktop/PhD.MSU/Spring2021/PatternRecognition/project/PatternRecognition/Mask_NoMask/test/qqakhuzdxoctiscdztnrzrffzgdvux.jpg,0
69,/Users/tsiameh/Desktop/PhD.MSU/Spring2021/PatternRecognition/project/PatternRecognition/Mask_NoMask/test/gtydqhzuwwcebasjexbrajitsqhnfh.jpg,1
70,/Users/tsiameh/Desktop/PhD.MSU/Spring2021/PatternRecognition/project/PatternRecognition/Mask_NoMask/test/jnsjofyggzkakdsxxmptabbiksbuty.jpg,0
71,/Users/tsiameh/Desktop/PhD.MSU/Spring2021/PatternRecognition/project/PatternRecognition/Mask_NoMask/test/vwnowxqsikzzgaupttmtfffkbprphp.jpg,1
72,/Users/tsiameh/Desktop/PhD.MSU/Spring2021/PatternRecognition/project/PatternRecognition/Mask_NoMask/test/botfdlboeryhmfxctjvzbqriqyonuv.jpg,0
73,/Users/tsiameh/Desktop/PhD.MSU/Spring2021/PatternRecognition/project/PatternRecognition/Mask_NoMask/test/wbbujdiznmyiiqjwpjymtypyswyumo.jpg,1
74,/Users/tsiameh/Desktop/PhD.MSU/Spring2021/PatternRecognition/project/PatternRecognition/Mask_NoMask/test/aelzzshpfxerelefnkatpczktuxjln.jpg,1
75,/Users/tsiameh/Desktop/PhD.MSU/Spring2021/PatternRecognition/project/PatternRecognition/Mask_NoMask/test/mryzptvsvgrisoimspvdugeepobqkk.jpg,1
76,/Users/tsiameh/Desktop/PhD.MSU/Spring2021/PatternRecognition/project/PatternRecognition/Mask_NoMask/test/uvxtmvpwvucdhkyfjuqzrnxxgecptf.jpg,0
77,/Users/tsiameh/Desktop/PhD.MSU/Spring2021/PatternRecognition/project/PatternRecognition/Mask_NoMask/test/iurkzngzsfejzqwpvcogoamriplacq.jpg,0
78,/Users/tsiameh/Desktop/PhD.MSU/Spring2021/PatternRecognition/project/PatternRecognition/Mask_NoMask/test/cdugozukojbkpzksazbxqxnpxnoxts.jpg,0
79,/Users/tsiameh/Desktop/PhD.MSU/Spring2021/PatternRecognition/project/PatternRecognition/Mask_NoMask/test/tlqprwlybfxysvhrnfgnplgbqgsswu.jpg,1
80,/Users/tsiameh/Desktop/PhD.MSU/Spring2021/PatternRecognition/project/PatternRecognition/Mask_NoMask/test/wooltgxaythwvbtdoruodwvmvbrpfg.jpg,1
81,/Users/tsiameh/Desktop/PhD.MSU/Spring2021/PatternRecognition/project/PatternRecognition/Mask_NoMask/test/mzwwwdleaormcvlqonydhzypbhqehq.jpg,0
82,/Users/tsiameh/Desktop/PhD.MSU/Spring2021/PatternRecognition/project/PatternRecognition/Mask_NoMask/test/ufhysrqbbzlrqymeekhvxkoqeyxbyo.jpg,1
83,/Users/tsiameh/Desktop/PhD.MSU/Spring2021/PatternRecognition/project/PatternRecognition/Mask_NoMask/test/broomszdrrefxhmthsxwurzfuutkft.jpeg,1
84,/Users/tsiameh/Desktop/PhD.MSU/Spring2021/PatternRecognition/project/PatternRecognition/Mask_NoMask/test/rtnaqoagadatjgbczdaehqawjeuxiq.jpg,0
85,/Users/tsiameh/Desktop/PhD.MSU/Spring2021/PatternRecognition/project/PatternRecognition/Mask_NoMask/test/jvpejwtddpkhiqhcikzoaojczgdwfz.jpg,0
86,/Users/tsiameh/Desktop/PhD.MSU/Spring2021/PatternRecognition/project/PatternRecognition/Mask_NoMask/test/dlaaovaxfeqezvculovoovlyakhlgd.jpg,1
87,/Users/tsiameh/Desktop/PhD.MSU/Spring2021/PatternRecognition/project/PatternRecognition/Mask_NoMask/test/akvjfjhgayyjwrqrczjbeyoqhhajis.jpg,1
88,/Users/tsiameh/Desktop/PhD.MSU/Spring2021/PatternRecognition/project/PatternRecognition/Mask_NoMask/test/hepwugnfdvxafszdjsdmscpcvejipp.jpg,1
89,/Users/tsiameh/Desktop/PhD.MSU/Spring2021/PatternRecognition/project/PatternRecognition/Mask_NoMask/test/lmdcsyqhjxxvdfzakuhxxmcrwmqkjj.jpg,1
90,/Users/tsiameh/Desktop/PhD.MSU/Spring2021/PatternRecognition/project/PatternRecognition/Mask_NoMask/test/bbolakporoaeojpqandvajgrojnkaj.jpg,1
91,/Users/tsiameh/Desktop/PhD.MSU/Spring2021/PatternRecognition/project/PatternRecognition/Mask_NoMask/test/gqyjkyvhkkgfldgfvrkwvogjnganlj.jpg,1
92,/Users/tsiameh/Desktop/PhD.MSU/Spring2021/PatternRecognition/project/PatternRecognition/Mask_NoMask/test/jvcaprbropasegknsisprgwgitcrpi.jpg,0
93,/Users/tsiameh/Desktop/PhD.MSU/Spring2021/PatternRecognition/project/PatternRecognition/Mask_NoMask/test/uzfesehhvhqxuziizqgipuqbvjkarm.jpg,0
94,/Users/tsiameh/Desktop/PhD.MSU/Spring2021/PatternRecognition/project/PatternRecognition/Mask_NoMask/test/kujdzaccxtihhcwwvsnuublztrnzie.jpg,1
95,/Users/tsiameh/Desktop/PhD.MSU/Spring2021/PatternRecognition/project/PatternRecognition/Mask_NoMask/test/lqfnxaohuxlvexjgebyyoyvcpvfzte.jpg,1
96,/Users/tsiameh/Desktop/PhD.MSU/Spring2021/PatternRecognition/project/PatternRecognition/Mask_NoMask/test/szycncebucycdqljwiolfshxndzpcm.jpg,1
97,/Users/tsiameh/Desktop/PhD.MSU/Spring2021/PatternRecognition/project/PatternRecognition/Mask_NoMask/test/tqtohrbvnjhvqqpkcpqxihkomlzddz.jpg,1
98,/Users/tsiameh/Desktop/PhD.MSU/Spring2021/PatternRecognition/project/PatternRecognition/Mask_NoMask/test/fnkfsdjmdihrmynpqxmnrwzxessrdc.jpg,0
99,/Users/tsiameh/Desktop/PhD.MSU/Spring2021/PatternRecognition/project/PatternRecognition/Mask_NoMask/test/dyintomnapqkperdaokbxbsyrgiadi.jpg,0
100,/Users/tsiameh/Desktop/PhD.MSU/Spring2021/PatternRecognition/project/PatternRecognition/Mask_NoMask/test/jqueszoqlgzwqzksmzanznuieydnyy.jpg,0
101,/Users/tsiameh/Desktop/PhD.MSU/Spring2021/PatternRecognition/project/PatternRecognition/Mask_NoMask/test/ejwoiledjlwunsjpnuquukzkjhalov.jpg,1
102,/Users/tsiameh/Desktop/PhD.MSU/Spring2021/PatternRecognition/project/PatternRecognition/Mask_NoMask/test/pwynnfibfpdkeeuzxjljusaieterpf.jpg,0
103,/Users/tsiameh/Desktop/PhD.MSU/Spring2021/PatternRecognition/project/PatternRecognition/Mask_NoMask/test/jwdjkvvfvggphwhqatmbkjjlzdienf.jpg,1
104,/Users/tsiameh/Desktop/PhD.MSU/Spring2021/PatternRecognition/project/PatternRecognition/Mask_NoMask/test/plyaiuqsdfyiowewiorerysaomwoum.jpg,0
105,/Users/tsiameh/Desktop/PhD.MSU/Spring2021/PatternRecognition/project/PatternRecognition/Mask_NoMask/test/wzdhiyzvbjlpatadxltwukvizlkpfi.jpg,1
106,/Users/tsiameh/Desktop/PhD.MSU/Spring2021/PatternRecognition/project/PatternRecognition/Mask_NoMask/test/fnefuqqsicuqfsymibosjdjwawrmvq.jpg,0
107,/Users/tsiameh/Desktop/PhD.MSU/Spring2021/PatternRecognition/project/PatternRecognition/Mask_NoMask/test/qasruetvxhqscyidfqsbztqteakyss.jpg,0
108,/Users/tsiameh/Desktop/PhD.MSU/Spring2021/PatternRecognition/project/PatternRecognition/Mask_NoMask/test/mtjmylupexliggdaqvuamtttjbizro.jpg,1
109,/Users/tsiameh/Desktop/PhD.MSU/Spring2021/PatternRecognition/project/PatternRecognition/Mask_NoMask/test/zjcrlegcioljqhlaowlaklxwojfpil.jpg,0
110,/Users/tsiameh/Desktop/PhD.MSU/Spring2021/PatternRecognition/project/PatternRecognition/Mask_NoMask/test/idardcfquyazdghrsrbiyujmguzxnr.jpg,1
111,/Users/tsiameh/Desktop/PhD.MSU/Spring2021/PatternRecognition/project/PatternRecognition/Mask_NoMask/test/thxqsrejgecdethcqecanudtfofcrh.jpg,0
112,/Users/tsiameh/Desktop/PhD.MSU/Spring2021/PatternRecognition/project/PatternRecognition/Mask_NoMask/test/dgzjgjduiwcejpltzhhsdrsfrfwbhm.jpg,1
113,/Users/tsiameh/Desktop/PhD.MSU/Spring2021/PatternRecognition/project/PatternRecognition/Mask_NoMask/test/uoqujcamsyjwlwoztrnvutbgrhdtkx.jpg,1
114,/Users/tsiameh/Desktop/PhD.MSU/Spring2021/PatternRecognition/project/PatternRecognition/Mask_NoMask/test/xurcoxcuznkvnyjhrqrtjfnrqqtlby.jpg,1
115,/Users/tsiameh/Desktop/PhD.MSU/Spring2021/PatternRecognition/project/PatternRecognition/Mask_NoMask/test/iuzfasnekvmbbmtqetpnmrxcyopfie.jpg,1
116,/Users/tsiameh/Desktop/PhD.MSU/Spring2021/PatternRecognition/project/PatternRecognition/Mask_NoMask/test/kvyzgviirzidxoawqeshlagmfmaqha.jpg,1
117,/Users/tsiameh/Desktop/PhD.MSU/Spring2021/PatternRecognition/project/PatternRecognition/Mask_NoMask/test/dhxbbarhojjiuoacxyzdtayykriavi.jpg,0
118,/Users/tsiameh/Desktop/PhD.MSU/Spring2021/PatternRecognition/project/PatternRecognition/Mask_NoMask/test/aveecvuafgubjfweqsfyomjgyazdxs.jpg,0
119,/Users/tsiameh/Desktop/PhD.MSU/Spring2021/PatternRecognition/project/PatternRecognition/Mask_NoMask/test/olvntotfzczjpihgsmsrdshaphevzh.jpg,0
120,/Users/tsiameh/Desktop/PhD.MSU/Spring2021/PatternRecognition/project/PatternRecognition/Mask_NoMask/test/pxktxhdsuefrpwxtugwuvttfgmqvyz.jpg,0
121,/Users/tsiameh/Desktop/PhD.MSU/Spring2021/PatternRecognition/project/PatternRecognition/Mask_NoMask/test/ixnarcfjcjzduyghjrmbpsezuhxdeb.png,0
122,/Users/tsiameh/Desktop/PhD.MSU/Spring2021/PatternRecognition/project/PatternRecognition/Mask_NoMask/test/bqjjodotjhmmchkiityjpmglknkzdq.jpg,0
123,/Users/tsiameh/Desktop/PhD.MSU/Spring2021/PatternRecognition/project/PatternRecognition/Mask_NoMask/test/plhsciipiahwdvplstefomscgwxnje.jpg,0
124,/Users/tsiameh/Desktop/PhD.MSU/Spring2021/PatternRecognition/project/PatternRecognition/Mask_NoMask/test/jhhjxctcsxlujwhoprnevvfprddnjs.jpg,1
125,/Users/tsiameh/Desktop/PhD.MSU/Spring2021/PatternRecognition/project/PatternRecognition/Mask_NoMask/test/ddmvffnxrrqoftjquegcfyynvbpioe.jpg,0
126,/Users/tsiameh/Desktop/PhD.MSU/Spring2021/PatternRecognition/project/PatternRecognition/Mask_NoMask/test/xemgrytlfzpwpxlpoyklejnqclztru.jpg,0
127,/Users/tsiameh/Desktop/PhD.MSU/Spring2021/PatternRecognition/project/PatternRecognition/Mask_NoMask/test/padarkkzjbruayvwslkssxmumkrjsz.jpg,0
128,/Users/tsiameh/Desktop/PhD.MSU/Spring2021/PatternRecognition/project/PatternRecognition/Mask_NoMask/test/lihqabxpdhfuuctwreixqcwwmjdvkg.jpg,1
129,/Users/tsiameh/Desktop/PhD.MSU/Spring2021/PatternRecognition/project/PatternRecognition/Mask_NoMask/test/xbuuveyzfnrozevdlhayiqncadyiof.jpg,0
130,/Users/tsiameh/Desktop/PhD.MSU/Spring2021/PatternRecognition/project/PatternRecognition/Mask_NoMask/test/geszfskhujvpyziumhlqpgptmpajtt.jpg,1
131,/Users/tsiameh/Desktop/PhD.MSU/Spring2021/PatternRecognition/project/PatternRecognition/Mask_NoMask/test/nlmpasjsptsygvnkicmsroqwepliof.jpg,0
132,/Users/tsiameh/Desktop/PhD.MSU/Spring2021/PatternRecognition/project/PatternRecognition/Mask_NoMask/test/leibivudzejijilbzmjwyqcgnolcbb.jpg,0
133,/Users/tsiameh/Desktop/PhD.MSU/Spring2021/PatternRecognition/project/PatternRecognition/Mask_NoMask/test/dpnnhtmzinfjwzxeihghlsaugrseso.jpg,0
134,/Users/tsiameh/Desktop/PhD.MSU/Spring2021/PatternRecognition/project/PatternRecognition/Mask_NoMask/test/sslssipaijavmhtvbrixtbgwwnlshu.jpg,1
135,/Users/tsiameh/Desktop/PhD.MSU/Spring2021/PatternRecognition/project/PatternRecognition/Mask_NoMask/test/tqpfjhcqdnetwghsusmzymjepbdnds.jpg,1
136,/Users/tsiameh/Desktop/PhD.MSU/Spring2021/PatternRecognition/project/PatternRecognition/Mask_NoMask/test/nrlywwygzrswfdbhjvdtakksrsvjgk.jpg,1
137,/Users/tsiameh/Desktop/PhD.MSU/Spring2021/PatternRecognition/project/PatternRecognition/Mask_NoMask/test/fhggkjdcfrlbgjgdohqetzvtzvzwox.jpg,1
138,/Users/tsiameh/Desktop/PhD.MSU/Spring2021/PatternRecognition/project/PatternRecognition/Mask_NoMask/test/yjncarmoymzspzoiuivzecdjjxnitj.jpg,0
139,/Users/tsiameh/Desktop/PhD.MSU/Spring2021/PatternRecognition/project/PatternRecognition/Mask_NoMask/test/rkpymadccynfoyvmiftgekkfbbbhdi.png,0
140,/Users/tsiameh/Desktop/PhD.MSU/Spring2021/PatternRecognition/project/PatternRecognition/Mask_NoMask/test/wflunumlnfgrpwisuymmudqnjobspo.jpg,0
141,/Users/tsiameh/Desktop/PhD.MSU/Spring2021/PatternRecognition/project/PatternRecognition/Mask_NoMask/test/urfpnxaaxslypipkziqixilgvtitse.jpg,1
142,/Users/tsiameh/Desktop/PhD.MSU/Spring2021/PatternRecognition/project/PatternRecognition/Mask_NoMask/test/fmkdsmhmklnzkownqsschpnomjedlx.jpg,0
143,/Users/tsiameh/Desktop/PhD.MSU/Spring2021/PatternRecognition/project/PatternRecognition/Mask_NoMask/test/smudegzshenddkbjyxihvwjdrensex.jpeg,1
144,/Users/tsiameh/Desktop/PhD.MSU/Spring2021/PatternRecognition/project/PatternRecognition/Mask_NoMask/test/jdtkbagujtkdseprtglztarncdxzqt.jpg,0
145,/Users/tsiameh/Desktop/PhD.MSU/Spring2021/PatternRecognition/project/PatternRecognition/Mask_NoMask/test/vzygdcxwtgrkwsimilpsbttbchwjey.jpg,0
146,/Users/tsiameh/Desktop/PhD.MSU/Spring2021/PatternRecognition/project/PatternRecognition/Mask_NoMask/test/lmrbtgixyoyrpexyiydyqjsexswuxr.jpg,0
147,/Users/tsiameh/Desktop/PhD.MSU/Spring2021/PatternRecognition/project/PatternRecognition/Mask_NoMask/test/iyyhdzhpafxpjyvrqstdlsvnhqntqw.jpg,0
148,/Users/tsiameh/Desktop/PhD.MSU/Spring2021/PatternRecognition/project/PatternRecognition/Mask_NoMask/test/xpivtvyweotwypnjfaenuhouijtwrj.jpg,1
149,/Users/tsiameh/Desktop/PhD.MSU/Spring2021/PatternRecognition/project/PatternRecognition/Mask_NoMask/test/syjhwwdrvsqvhmkdfyfmggthjmkvzd.jpg,1
150,/Users/tsiameh/Desktop/PhD.MSU/Spring2021/PatternRecognition/project/PatternRecognition/Mask_NoMask/test/ornhixchukzqnrcisoodqytmeeqplp.jpg,1
151,/Users/tsiameh/Desktop/PhD.MSU/Spring2021/PatternRecognition/project/PatternRecognition/Mask_NoMask/test/zynasgxnxnzqaallnvkthegctommtu.jpg,0
152,/Users/tsiameh/Desktop/PhD.MSU/Spring2021/PatternRecognition/project/PatternRecognition/Mask_NoMask/test/mzvlhczvlelzrkrgyelzjcjtcssgpq.jpg,0
153,/Users/tsiameh/Desktop/PhD.MSU/Spring2021/PatternRecognition/project/PatternRecognition/Mask_NoMask/test/nxkricypqzyjopipbggbupjyjlyhtj.jpg,1
154,/Users/tsiameh/Desktop/PhD.MSU/Spring2021/PatternRecognition/project/PatternRecognition/Mask_NoMask/test/itsfoylidpuiehheyisjrssydwpkjs.jpg,1
155,/Users/tsiameh/Desktop/PhD.MSU/Spring2021/PatternRecognition/project/PatternRecognition/Mask_NoMask/test/ioafahyushqhdpfinjvuormfkchmjf.jpg,1
156,/Users/tsiameh/Desktop/PhD.MSU/Spring2021/PatternRecognition/project/PatternRecognition/Mask_NoMask/test/kajnfbinymxwelbpykfzurocazkajm.jpg,1
157,/Users/tsiameh/Desktop/PhD.MSU/Spring2021/PatternRecognition/project/PatternRecognition/Mask_NoMask/test/wbctqgrcgqwhbywsikdklrtbmrplim.jpg,0
158,/Users/tsiameh/Desktop/PhD.MSU/Spring2021/PatternRecognition/project/PatternRecognition/Mask_NoMask/test/plvzvjasjncvrchqwqdwhuzotiofek.png,0
159,/Users/tsiameh/Desktop/PhD.MSU/Spring2021/PatternRecognition/project/PatternRecognition/Mask_NoMask/test/hddqpruzeyfpuemmkrvajzewjauqbg.jpg,1
160,/Users/tsiameh/Desktop/PhD.MSU/Spring2021/PatternRecognition/project/PatternRecognition/Mask_NoMask/test/kduwskepxdwxdgfzkgnfnformtkgzg.jpg,0
161,/Users/tsiameh/Desktop/PhD.MSU/Spring2021/PatternRecognition/project/PatternRecognition/Mask_NoMask/test/vlpwwjhopipwypxltcstohkkjgudbv.jpg,1
162,/Users/tsiameh/Desktop/PhD.MSU/Spring2021/PatternRecognition/project/PatternRecognition/Mask_NoMask/test/sceudskpqcmpiutrvrjvwzrlyhusve.jpg,1
163,/Users/tsiameh/Desktop/PhD.MSU/Spring2021/PatternRecognition/project/PatternRecognition/Mask_NoMask/test/rqxlpeljjhhifqnlrywertwvzywynb.jpg,0
164,/Users/tsiameh/Desktop/PhD.MSU/Spring2021/PatternRecognition/project/PatternRecognition/Mask_NoMask/test/mlkbwnogazpkcxpcdaluzexzhvbsbr.jpg,1
165,/Users/tsiameh/Desktop/PhD.MSU/Spring2021/PatternRecognition/project/PatternRecognition/Mask_NoMask/test/nncgaofbnlhkcvnvhajmgrxpomzzba.jpg,1
166,/Users/tsiameh/Desktop/PhD.MSU/Spring2021/PatternRecognition/project/PatternRecognition/Mask_NoMask/test/cjbutauggylhztvnyutbozyfqaealv.jpg,1
167,/Users/tsiameh/Desktop/PhD.MSU/Spring2021/PatternRecognition/project/PatternRecognition/Mask_NoMask/test/cynaerknbrqzwlssknbvxqoffjfmqa.jpg,1
168,/Users/tsiameh/Desktop/PhD.MSU/Spring2021/PatternRecognition/project/PatternRecognition/Mask_NoMask/test/zpfhbgixcctxylnihhrepjgcmjksvf.jpg,1
169,/Users/tsiameh/Desktop/PhD.MSU/Spring2021/PatternRecognition/project/PatternRecognition/Mask_NoMask/test/ifhrlfbitalzvqnfwqnuudutpbfpdq.jpg,1
170,/Users/tsiameh/Desktop/PhD.MSU/Spring2021/PatternRecognition/project/PatternRecognition/Mask_NoMask/test/bvrbztwngoiduyhlrnxnybuqamwdjq.jpg,0
171,/Users/tsiameh/Desktop/PhD.MSU/Spring2021/PatternRecognition/project/PatternRecognition/Mask_NoMask/test/omdjxmhixkgnqsvczwkplpjivyvdbo.jpg,0
172,/Users/tsiameh/Desktop/PhD.MSU/Spring2021/PatternRecognition/project/PatternRecognition/Mask_NoMask/test/fvlynglrxqdpvnhnaojggecbomqvbr.jpg,1
173,/Users/tsiameh/Desktop/PhD.MSU/Spring2021/PatternRecognition/project/PatternRecognition/Mask_NoMask/test/mtqtvazpnlsfwlreocalqffwosonni.jpg,0
174,/Users/tsiameh/Desktop/PhD.MSU/Spring2021/PatternRecognition/project/PatternRecognition/Mask_NoMask/test/klkerkiflmmwcuzjqqkvhbrazosuzb.jpg,0
175,/Users/tsiameh/Desktop/PhD.MSU/Spring2021/PatternRecognition/project/PatternRecognition/Mask_NoMask/test/bucfsqoezlveinjzzyyfiianjzrklf.jpg,0
176,/Users/tsiameh/Desktop/PhD.MSU/Spring2021/PatternRecognition/project/PatternRecognition/Mask_NoMask/test/nmorsdnxcjanqzfyfjrxbvumnyihft.jpg,0
177,/Users/tsiameh/Desktop/PhD.MSU/Spring2021/PatternRecognition/project/PatternRecognition/Mask_NoMask/test/suvnfydgvqcgdaxlsazlxgubymvfhj.jpg,0
178,/Users/tsiameh/Desktop/PhD.MSU/Spring2021/PatternRecognition/project/PatternRecognition/Mask_NoMask/test/pdcxycqzkznkqntnqsmobdhagkfazw.jpg,1
179,/Users/tsiameh/Desktop/PhD.MSU/Spring2021/PatternRecognition/project/PatternRecognition/Mask_NoMask/test/wcjujbvemumhadmwcgkgwahqmrhoif.jpg,1
180,/Users/tsiameh/Desktop/PhD.MSU/Spring2021/PatternRecognition/project/PatternRecognition/Mask_NoMask/test/uyoqejdoxyisbuqsbwjwaecqutvtwg.jpg,0
181,/Users/tsiameh/Desktop/PhD.MSU/Spring2021/PatternRecognition/project/PatternRecognition/Mask_NoMask/test/wleebloflbfqkneclgoekidfidccim.jpg,1
182,/Users/tsiameh/Desktop/PhD.MSU/Spring2021/PatternRecognition/project/PatternRecognition/Mask_NoMask/test/geaxljqcgthkjujpgjqtinitobfjqe.jpg,0
183,/Users/tsiameh/Desktop/PhD.MSU/Spring2021/PatternRecognition/project/PatternRecognition/Mask_NoMask/test/piswtqhtpepgcmilxfeiegdqpofqig.jpg,0
184,/Users/tsiameh/Desktop/PhD.MSU/Spring2021/PatternRecognition/project/PatternRecognition/Mask_NoMask/test/ioedeamftahwmovcpgigwnypdhykwz.jpg,1
185,/Users/tsiameh/Desktop/PhD.MSU/Spring2021/PatternRecognition/project/PatternRecognition/Mask_NoMask/test/lctzakuojllwuturyhbsoyexhyrhfb.jpg,1
186,/Users/tsiameh/Desktop/PhD.MSU/Spring2021/PatternRecognition/project/PatternRecognition/Mask_NoMask/test/djdsobvkfuoagxivxpraiusgzjozds.jpg,0
187,/Users/tsiameh/Desktop/PhD.MSU/Spring2021/PatternRecognition/project/PatternRecognition/Mask_NoMask/test/ltuibmgnhtgsfugypuufvwrqprxtfk.jpg,0
188,/Users/tsiameh/Desktop/PhD.MSU/Spring2021/PatternRecognition/project/PatternRecognition/Mask_NoMask/test/tnptubiwafwpnymkaaudzcjibkzfgp.jpg,1
189,/Users/tsiameh/Desktop/PhD.MSU/Spring2021/PatternRecognition/project/PatternRecognition/Mask_NoMask/test/nzhtmzjahmnlycpchimibdygcdkcnz.jpg,0
190,/Users/tsiameh/Desktop/PhD.MSU/Spring2021/PatternRecognition/project/PatternRecognition/Mask_NoMask/test/umgwufightqsnhtjyfochvdnrcsccb.jpg,0
191,/Users/tsiameh/Desktop/PhD.MSU/Spring2021/PatternRecognition/project/PatternRecognition/Mask_NoMask/test/bzdueelveubapkgmqbhzrerdmvbqtz.jpg,1
192,/Users/tsiameh/Desktop/PhD.MSU/Spring2021/PatternRecognition/project/PatternRecognition/Mask_NoMask/test/lucoklnkqcjyrxyvbgnarqspgcwrku.jpg,1
193,/Users/tsiameh/Desktop/PhD.MSU/Spring2021/PatternRecognition/project/PatternRecognition/Mask_NoMask/test/elajrsvrogkgcerlrfjvwgzqdzjumg.jpg,1
194,/Users/tsiameh/Desktop/PhD.MSU/Spring2021/PatternRecognition/project/PatternRecognition/Mask_NoMask/test/kcnlgwxftlpioadzfmayiitkbnkpfq.jpg,0
195,/Users/tsiameh/Desktop/PhD.MSU/Spring2021/PatternRecognition/project/PatternRecognition/Mask_NoMask/test/ogclzsfhvbloezgkivpedxaldtahzl.jpg,0
196,/Users/tsiameh/Desktop/PhD.MSU/Spring2021/PatternRecognition/project/PatternRecognition/Mask_NoMask/test/gzmiyxrvuprhvkmnckztiadtirmwrj.jpg,1
197,/Users/tsiameh/Desktop/PhD.MSU/Spring2021/PatternRecognition/project/PatternRecognition/Mask_NoMask/test/yurmkbqrwlidqgbgeeszgsuzzizhtv.jpg,1
198,/Users/tsiameh/Desktop/PhD.MSU/Spring2021/PatternRecognition/project/PatternRecognition/Mask_NoMask/test/jxtfudtgjrjafphvpcpyzvbjzkedlt.jpg,0
199,/Users/tsiameh/Desktop/PhD.MSU/Spring2021/PatternRecognition/project/PatternRecognition/Mask_NoMask/test/hqxkkaletsjpqenfgprderxwvvdtwx.jpg,1
200,/Users/tsiameh/Desktop/PhD.MSU/Spring2021/PatternRecognition/project/PatternRecognition/Mask_NoMask/test/tnvtseaxgaeuxslabsyczpucoervej.jpg,1
201,/Users/tsiameh/Desktop/PhD.MSU/Spring2021/PatternRecognition/project/PatternRecognition/Mask_NoMask/test/rwrhwxbhdpdvlaxkattftklqiorcpo.jpg,0
202,/Users/tsiameh/Desktop/PhD.MSU/Spring2021/PatternRecognition/project/PatternRecognition/Mask_NoMask/test/qsxfaihdktxryqxchmdrhweaubkomf.jpg,0
203,/Users/tsiameh/Desktop/PhD.MSU/Spring2021/PatternRecognition/project/PatternRecognition/Mask_NoMask/test/unwndegdcmlinkjsprkshhnpomqvwd.jpg,1
204,/Users/tsiameh/Desktop/PhD.MSU/Spring2021/PatternRecognition/project/PatternRecognition/Mask_NoMask/test/fefhbwjojkixcapyhinlmsqvjyhjmk.jpg,1
205,/Users/tsiameh/Desktop/PhD.MSU/Spring2021/PatternRecognition/project/PatternRecognition/Mask_NoMask/test/plcaliiefkehjeqojgsaiztfbluwbx.jpg,0
206,/Users/tsiameh/Desktop/PhD.MSU/Spring2021/PatternRecognition/project/PatternRecognition/Mask_NoMask/test/rjsayiylvpblfpjzyxwnejcevzncpm.jpg,0
207,/Users/tsiameh/Desktop/PhD.MSU/Spring2021/PatternRecognition/project/PatternRecognition/Mask_NoMask/test/svegbhuohnflowxkhjvkrifgmxextf.jpg,1
208,/Users/tsiameh/Desktop/PhD.MSU/Spring2021/PatternRecognition/project/PatternRecognition/Mask_NoMask/test/tkudaszaqtrzmyypabwhwanaqqdgsn.jpg,0
209,/Users/tsiameh/Desktop/PhD.MSU/Spring2021/PatternRecognition/project/PatternRecognition/Mask_NoMask/test/lhrglduisvdlcgjiofvkkhvdcuaenj.jpg,1
210,/Users/tsiameh/Desktop/PhD.MSU/Spring2021/PatternRecognition/project/PatternRecognition/Mask_NoMask/test/hhirnwzcfyhnrwbfjmhioqyosjouxm.jpg,1
211,/Users/tsiameh/Desktop/PhD.MSU/Spring2021/PatternRecognition/project/PatternRecognition/Mask_NoMask/test/mzaawjyklcynlmsxhziexrqskewnsl.jpg,1
212,/Users/tsiameh/Desktop/PhD.MSU/Spring2021/PatternRecognition/project/PatternRecognition/Mask_NoMask/test/woobvdyoeohahdgjtajoywfsxmtijg.jpg,1
213,/Users/tsiameh/Desktop/PhD.MSU/Spring2021/PatternRecognition/project/PatternRecognition/Mask_NoMask/test/kebxzepgnybcvtvjqohjaclvvsqjgo.jpg,0
214,/Users/tsiameh/Desktop/PhD.MSU/Spring2021/PatternRecognition/project/PatternRecognition/Mask_NoMask/test/aljnaycepveqbedxhsklixyjodpcho.jpg,1
215,/Users/tsiameh/Desktop/PhD.MSU/Spring2021/PatternRecognition/project/PatternRecognition/Mask_NoMask/test/micftikbkvjlfcuknzwfbjpjdhioxe.jpeg,1
216,/Users/tsiameh/Desktop/PhD.MSU/Spring2021/PatternRecognition/project/PatternRecognition/Mask_NoMask/test/weubnhdcwsklnxmbaoetvbzfistxwg.jpg,0
217,/Users/tsiameh/Desktop/PhD.MSU/Spring2021/PatternRecognition/project/PatternRecognition/Mask_NoMask/test/ssidykbqfofxaqtorcftxaxtusuyvc.jpg,0
218,/Users/tsiameh/Desktop/PhD.MSU/Spring2021/PatternRecognition/project/PatternRecognition/Mask_NoMask/test/xxpzhbftdvltokjuzrdiuksfeynqlu.jpg,0
219,/Users/tsiameh/Desktop/PhD.MSU/Spring2021/PatternRecognition/project/PatternRecognition/Mask_NoMask/test/alfuzzlrjkdrrzauiswqnuvpvzfluc.jpg,0
220,/Users/tsiameh/Desktop/PhD.MSU/Spring2021/PatternRecognition/project/PatternRecognition/Mask_NoMask/test/sbjiktnxorfqchvhvtresgziklndbw.jpg,0
221,/Users/tsiameh/Desktop/PhD.MSU/Spring2021/PatternRecognition/project/PatternRecognition/Mask_NoMask/test/vzqbztrjuoyuzfygogzutjfvnppmpi.jpg,0
222,/Users/tsiameh/Desktop/PhD.MSU/Spring2021/PatternRecognition/project/PatternRecognition/Mask_NoMask/test/ivhqllncotctfxttkqqvwamkdeokih.jpg,0
223,/Users/tsiameh/Desktop/PhD.MSU/Spring2021/PatternRecognition/project/PatternRecognition/Mask_NoMask/test/uapjecavqzibecgdvrlwiabgymtvdt.jpg,0
224,/Users/tsiameh/Desktop/PhD.MSU/Spring2021/PatternRecognition/project/PatternRecognition/Mask_NoMask/test/kfkptevnxrhoofzewofglxzxgvkdcg.jpg,0
225,/Users/tsiameh/Desktop/PhD.MSU/Spring2021/PatternRecognition/project/PatternRecognition/Mask_NoMask/test/unkvelhemzsndcplwwcplvzhztcllz.jpg,0
226,/Users/tsiameh/Desktop/PhD.MSU/Spring2021/PatternRecognition/project/PatternRecognition/Mask_NoMask/test/myruvkfrzwvlkxajpvfhdulbdsqucc.jpg,1
227,/Users/tsiameh/Desktop/PhD.MSU/Spring2021/PatternRecognition/project/PatternRecognition/Mask_NoMask/test/kxcrhxbyxvhqnwqwqoqmaafwikuegm.jpg,0
228,/Users/tsiameh/Desktop/PhD.MSU/Spring2021/PatternRecognition/project/PatternRecognition/Mask_NoMask/test/hsyezwcpciffcupbkadwtcqpxhlofh.jpg,1
229,/Users/tsiameh/Desktop/PhD.MSU/Spring2021/PatternRecognition/project/PatternRecognition/Mask_NoMask/test/gqbziiohphcmauvpfwlcpyxqqapghh.jpg,1
230,/Users/tsiameh/Desktop/PhD.MSU/Spring2021/PatternRecognition/project/PatternRecognition/Mask_NoMask/test/qlbtwvbhuhkdoyzgfkmcfqwqjujjwh.jpg,1
231,/Users/tsiameh/Desktop/PhD.MSU/Spring2021/PatternRecognition/project/PatternRecognition/Mask_NoMask/test/zndfvhigsuchffrepbzdwrlhgncmtd.jpg,0
232,/Users/tsiameh/Desktop/PhD.MSU/Spring2021/PatternRecognition/project/PatternRecognition/Mask_NoMask/test/mfkvaqtdkxcsozmtzpeavslszhkbvv.jpg,1
233,/Users/tsiameh/Desktop/PhD.MSU/Spring2021/PatternRecognition/project/PatternRecognition/Mask_NoMask/test/blgzlxqgcpxulfwfywadwbbeptqcol.jpg,0
234,/Users/tsiameh/Desktop/PhD.MSU/Spring2021/PatternRecognition/project/PatternRecognition/Mask_NoMask/test/dhcyrecupnqhsmwidgcgghdvkmlsfi.jpg,1
235,/Users/tsiameh/Desktop/PhD.MSU/Spring2021/PatternRecognition/project/PatternRecognition/Mask_NoMask/test/rrrncyqvyxkyshtdtxrtzcmltgpugh.jpg,0
236,/Users/tsiameh/Desktop/PhD.MSU/Spring2021/PatternRecognition/project/PatternRecognition/Mask_NoMask/test/qvnxjxzghixyyysszioajgjiexgwzh.jpg,0
237,/Users/tsiameh/Desktop/PhD.MSU/Spring2021/PatternRecognition/project/PatternRecognition/Mask_NoMask/test/utqrcmliuqbblbxeacpcofcsxvhzgz.jpeg,1
238,/Users/tsiameh/Desktop/PhD.MSU/Spring2021/PatternRecognition/project/PatternRecognition/Mask_NoMask/test/wpsmdmlakitjsnypxeecpajkecrgqw.jpg,1
239,/Users/tsiameh/Desktop/PhD.MSU/Spring2021/PatternRecognition/project/PatternRecognition/Mask_NoMask/test/wwgnzvefvkhqgcvgzvucdwslmhqdfl.jpg,1
240,/Users/tsiameh/Desktop/PhD.MSU/Spring2021/PatternRecognition/project/PatternRecognition/Mask_NoMask/test/ezmnotqwlrngiwgnwbaheeoueyxvny.jpg,1
241,/Users/tsiameh/Desktop/PhD.MSU/Spring2021/PatternRecognition/project/PatternRecognition/Mask_NoMask/test/xkoqrazzrpistsmscyvjarmiuwljsd.jpg,0
242,/Users/tsiameh/Desktop/PhD.MSU/Spring2021/PatternRecognition/project/PatternRecognition/Mask_NoMask/test/qjkcqczswvymlnybfyqxppcwciayzz.jpg,1
243,/Users/tsiameh/Desktop/PhD.MSU/Spring2021/PatternRecognition/project/PatternRecognition/Mask_NoMask/test/osirultbdzsgmknbqrucggtqnfoljs.jpg,0
244,/Users/tsiameh/Desktop/PhD.MSU/Spring2021/PatternRecognition/project/PatternRecognition/Mask_NoMask/test/qsgsfxhekupbygbbjmhmgmheylbals.jpg,0
245,/Users/tsiameh/Desktop/PhD.MSU/Spring2021/PatternRecognition/project/PatternRecognition/Mask_NoMask/test/dfbqqsvocxgkdljrvnnztyvaexmxgp.jpg,0
246,/Users/tsiameh/Desktop/PhD.MSU/Spring2021/PatternRecognition/project/PatternRecognition/Mask_NoMask/test/loyubqchniltkypeilmzrmwjnvjeiq.jpg,0
247,/Users/tsiameh/Desktop/PhD.MSU/Spring2021/PatternRecognition/project/PatternRecognition/Mask_NoMask/test/snqqviwsotitwwrblhtiabhvphphqw.jpg,0
248,/Users/tsiameh/Desktop/PhD.MSU/Spring2021/PatternRecognition/project/PatternRecognition/Mask_NoMask/test/pydsgdgzcvormzgjxmsqxgizigmnqq.jpg,1
249,/Users/tsiameh/Desktop/PhD.MSU/Spring2021/PatternRecognition/project/PatternRecognition/Mask_NoMask/test/cxtbkqwdjxgxlieyzzfokybmrynvzt.jpg,0
250,/Users/tsiameh/Desktop/PhD.MSU/Spring2021/PatternRecognition/project/PatternRecognition/Mask_NoMask/test/iwrrnosiwxykcwfnzdnephwjeynjvr.jpg,0
251,/Users/tsiameh/Desktop/PhD.MSU/Spring2021/PatternRecognition/project/PatternRecognition/Mask_NoMask/test/qskzbotijtjaphichunoesuwbybguk.png,0
252,/Users/tsiameh/Desktop/PhD.MSU/Spring2021/PatternRecognition/project/PatternRecognition/Mask_NoMask/test/jdmorbhddqxvqofbotgldacezkmyjt.jpg,1
253,/Users/tsiameh/Desktop/PhD.MSU/Spring2021/PatternRecognition/project/PatternRecognition/Mask_NoMask/test/imkumwldsvcwkjbhwglebnqtgjuaqy.jpg,0
254,/Users/tsiameh/Desktop/PhD.MSU/Spring2021/PatternRecognition/project/PatternRecognition/Mask_NoMask/test/gjppsnmwvegpfaotczwscojavigasa.jpg,1
255,/Users/tsiameh/Desktop/PhD.MSU/Spring2021/PatternRecognition/project/PatternRecognition/Mask_NoMask/test/eowgxpfwjhfpfvoytzlejmtyxegcfx.jpg,1
256,/Users/tsiameh/Desktop/PhD.MSU/Spring2021/PatternRecognition/project/PatternRecognition/Mask_NoMask/test/fhhipzleexntfxjqfztvtikwqlylfz.jpg,1
257,/Users/tsiameh/Desktop/PhD.MSU/Spring2021/PatternRecognition/project/PatternRecognition/Mask_NoMask/test/clcluoyktakfjgcjyjgbbrhaxjkanl.jpg,1
258,/Users/tsiameh/Desktop/PhD.MSU/Spring2021/PatternRecognition/project/PatternRecognition/Mask_NoMask/test/siqobtmqebviudcxtjszqquivmzvil.jpg,0
259,/Users/tsiameh/Desktop/PhD.MSU/Spring2021/PatternRecognition/project/PatternRecognition/Mask_NoMask/test/csrqrzoyceubuehyicuwjisnsvyfuk.jpg,0
260,/Users/tsiameh/Desktop/PhD.MSU/Spring2021/PatternRecognition/project/PatternRecognition/Mask_NoMask/test/dbuvujopjxofqfcsxghgeruyrhqamf.jpg,0
261,/Users/tsiameh/Desktop/PhD.MSU/Spring2021/PatternRecognition/project/PatternRecognition/Mask_NoMask/test/vwqrhobzdutxipuwgssuzjbhxumbod.jpg,0
262,/Users/tsiameh/Desktop/PhD.MSU/Spring2021/PatternRecognition/project/PatternRecognition/Mask_NoMask/test/tbjzvqedthirsztsnsjkfrdgroofmt.jpg,1
263,/Users/tsiameh/Desktop/PhD.MSU/Spring2021/PatternRecognition/project/PatternRecognition/Mask_NoMask/test/mtkmqoxjnmplockjwdilejfsrxcbvy.jpg,1
264,/Users/tsiameh/Desktop/PhD.MSU/Spring2021/PatternRecognition/project/PatternRecognition/Mask_NoMask/test/yoljgngorsosxyvpmflodycbrzlojm.jpg,1
265,/Users/tsiameh/Desktop/PhD.MSU/Spring2021/PatternRecognition/project/PatternRecognition/Mask_NoMask/test/jsrbntbtdheogzmdzhatavcmmarvgl.jpg,0
266,/Users/tsiameh/Desktop/PhD.MSU/Spring2021/PatternRecognition/project/PatternRecognition/Mask_NoMask/test/xqhpwicnsoejqslgrlwvntqhqdrjjt.jpg,1
267,/Users/tsiameh/Desktop/PhD.MSU/Spring2021/PatternRecognition/project/PatternRecognition/Mask_NoMask/test/nhbvrxtecdhhvyyzdjumuhxwfgsnqf.jpg,1
268,/Users/tsiameh/Desktop/PhD.MSU/Spring2021/PatternRecognition/project/PatternRecognition/Mask_NoMask/test/opdeeeogjakgkmhchcmfcfggxpcszz.jpg,0
269,/Users/tsiameh/Desktop/PhD.MSU/Spring2021/PatternRecognition/project/PatternRecognition/Mask_NoMask/test/lnulwsjdqnzkuyyaffwimadgavuwan.jpg,1
270,/Users/tsiameh/Desktop/PhD.MSU/Spring2021/PatternRecognition/project/PatternRecognition/Mask_NoMask/test/jgwawiynmntnlhhwckjlqtijvnkjff.jpg,0
271,/Users/tsiameh/Desktop/PhD.MSU/Spring2021/PatternRecognition/project/PatternRecognition/Mask_NoMask/test/ohiszivnnrkglfcpkvgqobmozjgrwa.jpg,1
272,/Users/tsiameh/Desktop/PhD.MSU/Spring2021/PatternRecognition/project/PatternRecognition/Mask_NoMask/test/tihnjhjilrcolmyupysvxjvqbqhvzr.jpg,1
273,/Users/tsiameh/Desktop/PhD.MSU/Spring2021/PatternRecognition/project/PatternRecognition/Mask_NoMask/test/gkxlqxmuohjzxzweewniylzaxuqiit.jpg,1
274,/Users/tsiameh/Desktop/PhD.MSU/Spring2021/PatternRecognition/project/PatternRecognition/Mask_NoMask/test/pjtremwjwtxaqyzmyuhqrkszorrons.jpg,1
275,/Users/tsiameh/Desktop/PhD.MSU/Spring2021/PatternRecognition/project/PatternRecognition/Mask_NoMask/test/bhczfsgehqldydadvfldnunftxzfdv.jpg,1
276,/Users/tsiameh/Desktop/PhD.MSU/Spring2021/PatternRecognition/project/PatternRecognition/Mask_NoMask/test/lhiwujhlwspbbgqydwewaioirumkri.jpg,0
277,/Users/tsiameh/Desktop/PhD.MSU/Spring2021/PatternRecognition/project/PatternRecognition/Mask_NoMask/test/xklxzfuxkxgykpuhuzzaldbdjhcydx.jpg,1
278,/Users/tsiameh/Desktop/PhD.MSU/Spring2021/PatternRecognition/project/PatternRecognition/Mask_NoMask/test/zuignwckjykxefmpubjpjefvhghaoi.jpg,1
279,/Users/tsiameh/Desktop/PhD.MSU/Spring2021/PatternRecognition/project/PatternRecognition/Mask_NoMask/test/yqhsjijloqxbrfjzbqnasiqfqyvgjq.jpg,1
280,/Users/tsiameh/Desktop/PhD.MSU/Spring2021/PatternRecognition/project/PatternRecognition/Mask_NoMask/test/wljliaaphisemiemsxielexjlkirlv.jpg,1
281,/Users/tsiameh/Desktop/PhD.MSU/Spring2021/PatternRecognition/project/PatternRecognition/Mask_NoMask/test/hdmcngrvtgikfstjgrgqfotraeffgg.jpg,1
282,/Users/tsiameh/Desktop/PhD.MSU/Spring2021/PatternRecognition/project/PatternRecognition/Mask_NoMask/test/fvmrktruwpyzblmwwnubraikddamol.jpg,1
283,/Users/tsiameh/Desktop/PhD.MSU/Spring2021/PatternRecognition/project/PatternRecognition/Mask_NoMask/test/jaypieocqkwftzmbzsgrkttchyhpaa.jpg,0
284,/Users/tsiameh/Desktop/PhD.MSU/Spring2021/PatternRecognition/project/PatternRecognition/Mask_NoMask/test/egmlopponygomfuzzhzoextlxzgkmo.jpg,1
285,/Users/tsiameh/Desktop/PhD.MSU/Spring2021/PatternRecognition/project/PatternRecognition/Mask_NoMask/test/pdsjckkmbslkzreqwygyjkeyehtuwy.jpg,1
286,/Users/tsiameh/Desktop/PhD.MSU/Spring2021/PatternRecognition/project/PatternRecognition/Mask_NoMask/test/lkzjcblzskcxgdzssgiasoddrrtouf.jpg,1
287,/Users/tsiameh/Desktop/PhD.MSU/Spring2021/PatternRecognition/project/PatternRecognition/Mask_NoMask/test/wiovvusmzmxindaealykgesxwwleql.jpg,0
288,/Users/tsiameh/Desktop/PhD.MSU/Spring2021/PatternRecognition/project/PatternRecognition/Mask_NoMask/test/bjlwcuatbrxhdxocieancqgdlgqnma.jpg,1
289,/Users/tsiameh/Desktop/PhD.MSU/Spring2021/PatternRecognition/project/PatternRecognition/Mask_NoMask/test/cytfwnqddgfmwopldwoyzfgvdshchj.jpg,1
290,/Users/tsiameh/Desktop/PhD.MSU/Spring2021/PatternRecognition/project/PatternRecognition/Mask_NoMask/test/weipwizxckxeagywuilohlxktcrypk.jpg,0
291,/Users/tsiameh/Desktop/PhD.MSU/Spring2021/PatternRecognition/project/PatternRecognition/Mask_NoMask/test/uuapkpltdjmnmxgttzdtgoewvtdmkf.jpg,1
292,/Users/tsiameh/Desktop/PhD.MSU/Spring2021/PatternRecognition/project/PatternRecognition/Mask_NoMask/test/tldspzpkenscsjyokedqawzuqdbjfh.jpg,1
293,/Users/tsiameh/Desktop/PhD.MSU/Spring2021/PatternRecognition/project/PatternRecognition/Mask_NoMask/test/eyavyurhmycfumwdjnvvxenleadrcl.jpg,1
294,/Users/tsiameh/Desktop/PhD.MSU/Spring2021/PatternRecognition/project/PatternRecognition/Mask_NoMask/test/gftflwiwqrswxrpccfpkhdftoajcws.jpg,1
295,/Users/tsiameh/Desktop/PhD.MSU/Spring2021/PatternRecognition/project/PatternRecognition/Mask_NoMask/test/zdfiplzlfcwkyfucjdtkskjxjdeavq.jpg,1
296,/Users/tsiameh/Desktop/PhD.MSU/Spring2021/PatternRecognition/project/PatternRecognition/Mask_NoMask/test/gbfvanqxwaqvwzxuqegqaompgvsamm.jpg,1
297,/Users/tsiameh/Desktop/PhD.MSU/Spring2021/PatternRecognition/project/PatternRecognition/Mask_NoMask/test/jjqgfnkunxqxwlrjxgakwcukfoavym.jpg,0
298,/Users/tsiameh/Desktop/PhD.MSU/Spring2021/PatternRecognition/project/PatternRecognition/Mask_NoMask/test/ggqkntfyrhgeizstqrxlhhpwvjykbl.jpg,0
299,/Users/tsiameh/Desktop/PhD.MSU/Spring2021/PatternRecognition/project/PatternRecognition/Mask_NoMask/test/akkydnvilgvzigllmboonbqbbioocs.jpg,0
300,/Users/tsiameh/Desktop/PhD.MSU/Spring2021/PatternRecognition/project/PatternRecognition/Mask_NoMask/test/tkekamvpuqgwyxgekdpmbvarytgffk.jpg,0
301,/Users/tsiameh/Desktop/PhD.MSU/Spring2021/PatternRecognition/project/PatternRecognition/Mask_NoMask/test/bqudlucapxfguiydzopfdvuasiwscs.jpg,1
302,/Users/tsiameh/Desktop/PhD.MSU/Spring2021/PatternRecognition/project/PatternRecognition/Mask_NoMask/test/qubxzzlnsdvcesxfodgkfhnckwewmm.jpg,0
303,/Users/tsiameh/Desktop/PhD.MSU/Spring2021/PatternRecognition/project/PatternRecognition/Mask_NoMask/test/nlhevzkzseaudpnhbawmmufkxnqyni.jpg,0
304,/Users/tsiameh/Desktop/PhD.MSU/Spring2021/PatternRecognition/project/PatternRecognition/Mask_NoMask/test/wcydlpgrwjmptowavcltpotjbgvxhb.jpg,1
305,/Users/tsiameh/Desktop/PhD.MSU/Spring2021/PatternRecognition/project/PatternRecognition/Mask_NoMask/test/mhkqlunhxjqrrnpjvwfklbzvwtrhch.jpg,1
306,/Users/tsiameh/Desktop/PhD.MSU/Spring2021/PatternRecognition/project/PatternRecognition/Mask_NoMask/test/zesbxhcglwjpplcmsfntcpummkbhfz.jpg,0
307,/Users/tsiameh/Desktop/PhD.MSU/Spring2021/PatternRecognition/project/PatternRecognition/Mask_NoMask/test/cetwookalphtxhtbwgcpzfjpmasfic.png,0
308,/Users/tsiameh/Desktop/PhD.MSU/Spring2021/PatternRecognition/project/PatternRecognition/Mask_NoMask/test/yncgdbcfbdpippiqjexosicvuxetik.jpg,0
309,/Users/tsiameh/Desktop/PhD.MSU/Spring2021/PatternRecognition/project/PatternRecognition/Mask_NoMask/test/rccyeivmdwnblrlijjuyvzyxslwuhh.jpg,1
310,/Users/tsiameh/Desktop/PhD.MSU/Spring2021/PatternRecognition/project/PatternRecognition/Mask_NoMask/test/qstbmncsmqsiwmnzgipyutolniuxjd.jpg,0
311,/Users/tsiameh/Desktop/PhD.MSU/Spring2021/PatternRecognition/project/PatternRecognition/Mask_NoMask/test/dthpinelztapoyhclbpyyxijcqcsyv.jpg,0
312,/Users/tsiameh/Desktop/PhD.MSU/Spring2021/PatternRecognition/project/PatternRecognition/Mask_NoMask/test/phbrlkorxtxgllwntzlgujplyffcdm.jpg,0
313,/Users/tsiameh/Desktop/PhD.MSU/Spring2021/PatternRecognition/project/PatternRecognition/Mask_NoMask/test/lyousdaviagybwamxfwdjpjfevopkf.jpeg,1
314,/Users/tsiameh/Desktop/PhD.MSU/Spring2021/PatternRecognition/project/PatternRecognition/Mask_NoMask/test/smoiczjaouyiefhoizeyarkxzwutbe.png,0
315,/Users/tsiameh/Desktop/PhD.MSU/Spring2021/PatternRecognition/project/PatternRecognition/Mask_NoMask/test/gadijdxgeinztdiaolvtceypzbvlam.jpg,1
316,/Users/tsiameh/Desktop/PhD.MSU/Spring2021/PatternRecognition/project/PatternRecognition/Mask_NoMask/test/zjlngjlzjwonpqhiiztranntupvtom.jpg,1
317,/Users/tsiameh/Desktop/PhD.MSU/Spring2021/PatternRecognition/project/PatternRecognition/Mask_NoMask/test/jdiamrvlvhyxhouxlkjrdcfoqbtzlf.jpg,0
318,/Users/tsiameh/Desktop/PhD.MSU/Spring2021/PatternRecognition/project/PatternRecognition/Mask_NoMask/test/woazdfgnjkbxcskuamebaxedxhpszi.jpg,1
319,/Users/tsiameh/Desktop/PhD.MSU/Spring2021/PatternRecognition/project/PatternRecognition/Mask_NoMask/test/iqpspkpytnrfnnxpbdgulrpmdssxvv.jpg,1
320,/Users/tsiameh/Desktop/PhD.MSU/Spring2021/PatternRecognition/project/PatternRecognition/Mask_NoMask/test/urdgcrihebtothfemyxubtwpinualu.jpg,0
321,/Users/tsiameh/Desktop/PhD.MSU/Spring2021/PatternRecognition/project/PatternRecognition/Mask_NoMask/test/iluwkwmnrgiouhirnkfdmhnczfxivc.jpg,1
322,/Users/tsiameh/Desktop/PhD.MSU/Spring2021/PatternRecognition/project/PatternRecognition/Mask_NoMask/test/cxnmwtwjlhvwljnwzdyucnlrkwmzva.jpg,0
323,/Users/tsiameh/Desktop/PhD.MSU/Spring2021/PatternRecognition/project/PatternRecognition/Mask_NoMask/test/itxiomwebnkfodztausaduxyrhgfrv.jpg,0
324,/Users/tsiameh/Desktop/PhD.MSU/Spring2021/PatternRecognition/project/PatternRecognition/Mask_NoMask/test/ueexuzrrjzajyeojqfmglknvpzgzad.jpg,1
325,/Users/tsiameh/Desktop/PhD.MSU/Spring2021/PatternRecognition/project/PatternRecognition/Mask_NoMask/test/qnpphzfhyjxoutunxsukftvlauzuug.jpg,1
326,/Users/tsiameh/Desktop/PhD.MSU/Spring2021/PatternRecognition/project/PatternRecognition/Mask_NoMask/test/inilzqtajpxhdbqrrrmvnhrzmevhkv.jpg,0
327,/Users/tsiameh/Desktop/PhD.MSU/Spring2021/PatternRecognition/project/PatternRecognition/Mask_NoMask/test/blmgakpsirdrdnimkjwdnbusgactzx.jpg,0
328,/Users/tsiameh/Desktop/PhD.MSU/Spring2021/PatternRecognition/project/PatternRecognition/Mask_NoMask/test/nrxwgfqqltfxrotfkykgknzommtzdd.jpg,0
329,/Users/tsiameh/Desktop/PhD.MSU/Spring2021/PatternRecognition/project/PatternRecognition/Mask_NoMask/test/autvannlbggmjsuhqbnnffyhrnyyhp.jpg,0
330,/Users/tsiameh/Desktop/PhD.MSU/Spring2021/PatternRecognition/project/PatternRecognition/Mask_NoMask/test/ujdigrxiqfjtzrjgfwpvtjsxtviztq.jpg,1
331,/Users/tsiameh/Desktop/PhD.MSU/Spring2021/PatternRecognition/project/PatternRecognition/Mask_NoMask/test/lwhltrzhopzxcxkmjnepvkfkuocyyf.jpg,0
332,/Users/tsiameh/Desktop/PhD.MSU/Spring2021/PatternRecognition/project/PatternRecognition/Mask_NoMask/test/tmthqtrdrzwgadmsftvwpwlssemeic.jpg,1
333,/Users/tsiameh/Desktop/PhD.MSU/Spring2021/PatternRecognition/project/PatternRecognition/Mask_NoMask/test/oxtgwjovwkjybnyejaezfzqerhvpqj.jpg,0
334,/Users/tsiameh/Desktop/PhD.MSU/Spring2021/PatternRecognition/project/PatternRecognition/Mask_NoMask/test/dnzsxkpbmmtytvrlklmnbprbcwysix.jpg,1
335,/Users/tsiameh/Desktop/PhD.MSU/Spring2021/PatternRecognition/project/PatternRecognition/Mask_NoMask/test/mthrpqxgvwfdlksknvymngogpppnhp.jpg,1
336,/Users/tsiameh/Desktop/PhD.MSU/Spring2021/PatternRecognition/project/PatternRecognition/Mask_NoMask/test/kwufgmdpyknfvezeytoywortrtkcha.jpg,1
337,/Users/tsiameh/Desktop/PhD.MSU/Spring2021/PatternRecognition/project/PatternRecognition/Mask_NoMask/test/fvyderokisqwuoqwuaoadkkvtfoeya.jpg,1
338,/Users/tsiameh/Desktop/PhD.MSU/Spring2021/PatternRecognition/project/PatternRecognition/Mask_NoMask/test/saqwjlvhyizasymcqwuumkayyalabr.jpg,1
339,/Users/tsiameh/Desktop/PhD.MSU/Spring2021/PatternRecognition/project/PatternRecognition/Mask_NoMask/test/jqgkxlfpzrktkyilfyuhhdyfsycanf.jpg,1
340,/Users/tsiameh/Desktop/PhD.MSU/Spring2021/PatternRecognition/project/PatternRecognition/Mask_NoMask/test/bkhjxlxizjiychukanlstfpcodlubc.jpg,1
341,/Users/tsiameh/Desktop/PhD.MSU/Spring2021/PatternRecognition/project/PatternRecognition/Mask_NoMask/test/powtvfvfexvzhhubxcczdvqmuwgtil.jpg,0
342,/Users/tsiameh/Desktop/PhD.MSU/Spring2021/PatternRecognition/project/PatternRecognition/Mask_NoMask/test/goxowiqsuthbriuqxiespbmeegqkvf.jpg,0
343,/Users/tsiameh/Desktop/PhD.MSU/Spring2021/PatternRecognition/project/PatternRecognition/Mask_NoMask/test/kjdbifjcnzclwxadgtmgafbcylljhm.jpg,1
344,/Users/tsiameh/Desktop/PhD.MSU/Spring2021/PatternRecognition/project/PatternRecognition/Mask_NoMask/test/rtnaqoagadatjgbczdaehqawjeuxiq(1).jpg,0
345,/Users/tsiameh/Desktop/PhD.MSU/Spring2021/PatternRecognition/project/PatternRecognition/Mask_NoMask/test/glnkqsehtsemwxgfcabdouxnguoope.jpg,1
346,/Users/tsiameh/Desktop/PhD.MSU/Spring2021/PatternRecognition/project/PatternRecognition/Mask_NoMask/test/xgfrghdwyumnzdvxsuzlehyruvkita.png,0
347,/Users/tsiameh/Desktop/PhD.MSU/Spring2021/PatternRecognition/project/PatternRecognition/Mask_NoMask/test/mragkclknhcnqosdkuvchpjdrjofso.jpg,0
348,/Users/tsiameh/Desktop/PhD.MSU/Spring2021/PatternRecognition/project/PatternRecognition/Mask_NoMask/test/gvzjodvhueivloxnomfhmpmcdbzvap.jpeg,1
349,/Users/tsiameh/Desktop/PhD.MSU/Spring2021/PatternRecognition/project/PatternRecognition/Mask_NoMask/test/dveocsyrdwmmokqvzmherympxsnhjg.jpg,0
350,/Users/tsiameh/Desktop/PhD.MSU/Spring2021/PatternRecognition/project/PatternRecognition/Mask_NoMask/test/woulzzpagnqwxegofpdnsxbytvjdki.jpg,1
351,/Users/tsiameh/Desktop/PhD.MSU/Spring2021/PatternRecognition/project/PatternRecognition/Mask_NoMask/test/eoeatxoppisxmubbwmpnabjbezizgx.jpg,0
352,/Users/tsiameh/Desktop/PhD.MSU/Spring2021/PatternRecognition/project/PatternRecognition/Mask_NoMask/test/hnmbjysdtuiasvlabvnataindypuzu.jpg,1
353,/Users/tsiameh/Desktop/PhD.MSU/Spring2021/PatternRecognition/project/PatternRecognition/Mask_NoMask/test/omgrzbdrlptmmwpudagcrctzvznrap.png,0
354,/Users/tsiameh/Desktop/PhD.MSU/Spring2021/PatternRecognition/project/PatternRecognition/Mask_NoMask/test/geadhikvjfcvvrtszjsxqnevbdvstr.jpg,0
355,/Users/tsiameh/Desktop/PhD.MSU/Spring2021/PatternRecognition/project/PatternRecognition/Mask_NoMask/test/rdwfgwuicmbzlnqhtyhfemjzmpyrjm.jpg,0
356,/Users/tsiameh/Desktop/PhD.MSU/Spring2021/PatternRecognition/project/PatternRecognition/Mask_NoMask/test/xaufwjptvdpofxbuefzpcbjdgurmov.jpg,0
357,/Users/tsiameh/Desktop/PhD.MSU/Spring2021/PatternRecognition/project/PatternRecognition/Mask_NoMask/test/ycdmtgjjzxhgzblmjrujqpemeqksch.jpeg,0
358,/Users/tsiameh/Desktop/PhD.MSU/Spring2021/PatternRecognition/project/PatternRecognition/Mask_NoMask/test/nkexoipjsbhmytzjsnvxpkqhdtqidv.jpg,0
359,/Users/tsiameh/Desktop/PhD.MSU/Spring2021/PatternRecognition/project/PatternRecognition/Mask_NoMask/test/qcjrbqnfsvdmyjwegjlhzzzwzfdbgz.jpg,0
360,/Users/tsiameh/Desktop/PhD.MSU/Spring2021/PatternRecognition/project/PatternRecognition/Mask_NoMask/test/jhwecyoxnwdqysddxcjogbvlhjxrfm.jpg,1
361,/Users/tsiameh/Desktop/PhD.MSU/Spring2021/PatternRecognition/project/PatternRecognition/Mask_NoMask/test/khvoycguuitlcpjxdflbkdgyzaoexh.jpg,1
362,/Users/tsiameh/Desktop/PhD.MSU/Spring2021/PatternRecognition/project/PatternRecognition/Mask_NoMask/test/vvbpnstpnzspemzfccnfftwnsyfosx.jpg,1
363,/Users/tsiameh/Desktop/PhD.MSU/Spring2021/PatternRecognition/project/PatternRecognition/Mask_NoMask/test/frpsiqoutwcdsluictnefqjbnhaojr.jpg,1
364,/Users/tsiameh/Desktop/PhD.MSU/Spring2021/PatternRecognition/project/PatternRecognition/Mask_NoMask/test/xfnuyuiibfvnhcxneinujhzmxyffdn.jpg,0
365,/Users/tsiameh/Desktop/PhD.MSU/Spring2021/PatternRecognition/project/PatternRecognition/Mask_NoMask/test/jnzcxqykfzbkbbgyscanfvxeqyruzh.jpg,1
366,/Users/tsiameh/Desktop/PhD.MSU/Spring2021/PatternRecognition/project/PatternRecognition/Mask_NoMask/test/sfpwptgynidjmylpqeukgkhzqcitgm.jpg,0
367,/Users/tsiameh/Desktop/PhD.MSU/Spring2021/PatternRecognition/project/PatternRecognition/Mask_NoMask/test/nzpfwndzpzskokcaqmsxlqjgdyrmhe.jpg,1
368,/Users/tsiameh/Desktop/PhD.MSU/Spring2021/PatternRecognition/project/PatternRecognition/Mask_NoMask/test/zojvaryviuzftjfkmeazlzekvpdxri.jpg,1
369,/Users/tsiameh/Desktop/PhD.MSU/Spring2021/PatternRecognition/project/PatternRecognition/Mask_NoMask/test/fuldxhllmyyhygdvrczspchtlwifqm.jpg,1
370,/Users/tsiameh/Desktop/PhD.MSU/Spring2021/PatternRecognition/project/PatternRecognition/Mask_NoMask/test/vivqwqshafxumvxojbcouebhpjitvw.jpg,0
371,/Users/tsiameh/Desktop/PhD.MSU/Spring2021/PatternRecognition/project/PatternRecognition/Mask_NoMask/test/pomnzkamhxjwtrgalmkbcevrqlijft.jpg,1
372,/Users/tsiameh/Desktop/PhD.MSU/Spring2021/PatternRecognition/project/PatternRecognition/Mask_NoMask/test/nfxhlppokdjomdwvjweudtpurlmwnx.jpg,0
373,/Users/tsiameh/Desktop/PhD.MSU/Spring2021/PatternRecognition/project/PatternRecognition/Mask_NoMask/test/iwgumsxpuxzcolrrnfwkqidfknzjic.jpg,1
374,/Users/tsiameh/Desktop/PhD.MSU/Spring2021/PatternRecognition/project/PatternRecognition/Mask_NoMask/test/jiuvimokosuqcqgxsjrpepfrxnudvl.jpg,1
375,/Users/tsiameh/Desktop/PhD.MSU/Spring2021/PatternRecognition/project/PatternRecognition/Mask_NoMask/test/wnwkpbivybsvhesdkadymsqmqopfuy.jpg,0
376,/Users/tsiameh/Desktop/PhD.MSU/Spring2021/PatternRecognition/project/PatternRecognition/Mask_NoMask/test/qaifzcezpnxsemsninrdanxnrecgxc.jpg,0
377,/Users/tsiameh/Desktop/PhD.MSU/Spring2021/PatternRecognition/project/PatternRecognition/Mask_NoMask/test/czfaqpiyukmerduehjkdrhkhtqxbia.jpg,0
378,/Users/tsiameh/Desktop/PhD.MSU/Spring2021/PatternRecognition/project/PatternRecognition/Mask_NoMask/test/sipovcjjclpnpgtcypjziplmmnzblp.jpg,0
379,/Users/tsiameh/Desktop/PhD.MSU/Spring2021/PatternRecognition/project/PatternRecognition/Mask_NoMask/test/zvyajojutzgqumdjfxxkpiuuxeefyy.jpg,0
380,/Users/tsiameh/Desktop/PhD.MSU/Spring2021/PatternRecognition/project/PatternRecognition/Mask_NoMask/test/yknhljrexjerzopcvabkfobfaznbce.jpg,1
381,/Users/tsiameh/Desktop/PhD.MSU/Spring2021/PatternRecognition/project/PatternRecognition/Mask_NoMask/test/lxxlzvrdieuyvfkeshxuisxgormmyq.png,0
382,/Users/tsiameh/Desktop/PhD.MSU/Spring2021/PatternRecognition/project/PatternRecognition/Mask_NoMask/test/xynfggwypiqaesxayyvjlqfmhsvnlo.jpg,1
383,/Users/tsiameh/Desktop/PhD.MSU/Spring2021/PatternRecognition/project/PatternRecognition/Mask_NoMask/test/rjidoxfzbxyeffhrkzguqdqksvwtpa.jpg,0
384,/Users/tsiameh/Desktop/PhD.MSU/Spring2021/PatternRecognition/project/PatternRecognition/Mask_NoMask/test/qlbqjvzglvxhtbjyjrfunwrurqrxox.jpg,0
385,/Users/tsiameh/Desktop/PhD.MSU/Spring2021/PatternRecognition/project/PatternRecognition/Mask_NoMask/test/bophtvssbpnmzkxfxuvupbriwazlcz.jpg,1
386,/Users/tsiameh/Desktop/PhD.MSU/Spring2021/PatternRecognition/project/PatternRecognition/Mask_NoMask/test/qddqjbxtpsdrvjjdkzkycjbbrgpekf.jpg,1
387,/Users/tsiameh/Desktop/PhD.MSU/Spring2021/PatternRecognition/project/PatternRecognition/Mask_NoMask/test/lzjxvwtdrrtwjceqgmucfpngihgdxm.jpg,1
388,/Users/tsiameh/Desktop/PhD.MSU/Spring2021/PatternRecognition/project/PatternRecognition/Mask_NoMask/test/xjngjjhzpyhxmstueplojbqreasnes.jpg,0
389,/Users/tsiameh/Desktop/PhD.MSU/Spring2021/PatternRecognition/project/PatternRecognition/Mask_NoMask/test/noesixortoazgbkeukqoveyibvaxrc.jpg,0
390,/Users/tsiameh/Desktop/PhD.MSU/Spring2021/PatternRecognition/project/PatternRecognition/Mask_NoMask/test/wpujnxoeirxcyjiiezydfkaxksrdwg.jpg,0
391,/Users/tsiameh/Desktop/PhD.MSU/Spring2021/PatternRecognition/project/PatternRecognition/Mask_NoMask/test/igulitrigxyyzhhiduazzrwydlqrcv.jpg,1
392,/Users/tsiameh/Desktop/PhD.MSU/Spring2021/PatternRecognition/project/PatternRecognition/Mask_NoMask/test/ovasoplwfuqqevywvgggocgxixnktp.jpg,1
393,/Users/tsiameh/Desktop/PhD.MSU/Spring2021/PatternRecognition/project/PatternRecognition/Mask_NoMask/test/jiorwmlthejgwwbnshbuevjaunqbku.jpg,1
394,/Users/tsiameh/Desktop/PhD.MSU/Spring2021/PatternRecognition/project/PatternRecognition/Mask_NoMask/test/louklilbbrpqodurfzvvejxglgocwi.jpg,0
395,/Users/tsiameh/Desktop/PhD.MSU/Spring2021/PatternRecognition/project/PatternRecognition/Mask_NoMask/test/gmocqhzokvhyrkohiraxixdbmcscjq.jpg,1
396,/Users/tsiameh/Desktop/PhD.MSU/Spring2021/PatternRecognition/project/PatternRecognition/Mask_NoMask/test/iczzwmswptqjkzgbczxmgewfkfbfbn.jpg,1
397,/Users/tsiameh/Desktop/PhD.MSU/Spring2021/PatternRecognition/project/PatternRecognition/Mask_NoMask/test/naxcngaxukhslcyoodkgkegydlzjnu.jpg,0
398,/Users/tsiameh/Desktop/PhD.MSU/Spring2021/PatternRecognition/project/PatternRecognition/Mask_NoMask/test/kkgjefxvtjfypjsjgyhshrutwhgdml.jpg,0
399,/Users/tsiameh/Desktop/PhD.MSU/Spring2021/PatternRecognition/project/PatternRecognition/Mask_NoMask/test/qwylrrncmfibtlszybqsofemgweggl.jpg,0
400,/Users/tsiameh/Desktop/PhD.MSU/Spring2021/PatternRecognition/project/PatternRecognition/Mask_NoMask/test/pektafvzybcgssvemzxjypfzsriqxx.jpg,0
401,/Users/tsiameh/Desktop/PhD.MSU/Spring2021/PatternRecognition/project/PatternRecognition/Mask_NoMask/test/iosikwfhnhmqdvuymkrdeatakkdryd.jpg,0
402,/Users/tsiameh/Desktop/PhD.MSU/Spring2021/PatternRecognition/project/PatternRecognition/Mask_NoMask/test/gppgpyeceknjakxhnvcgivtzqkexdt.jpg,0
403,/Users/tsiameh/Desktop/PhD.MSU/Spring2021/PatternRecognition/project/PatternRecognition/Mask_NoMask/test/bcqfficwazmpxairlfnchvusputshk.jpg,0
404,/Users/tsiameh/Desktop/PhD.MSU/Spring2021/PatternRecognition/project/PatternRecognition/Mask_NoMask/test/bihlsygajgvqsywzkpfbmupevnuoqh.jpg,1
405,/Users/tsiameh/Desktop/PhD.MSU/Spring2021/PatternRecognition/project/PatternRecognition/Mask_NoMask/test/yionojckwcmjxtjevsvpmjezycmilb.jpg,1
406,/Users/tsiameh/Desktop/PhD.MSU/Spring2021/PatternRecognition/project/PatternRecognition/Mask_NoMask/test/tosutnsfkotuhlqcxkyartdjribecy.jpg,0
407,/Users/tsiameh/Desktop/PhD.MSU/Spring2021/PatternRecognition/project/PatternRecognition/Mask_NoMask/test/nwikmsqexytmdgyumqrfomreztdxxz.jpg,0
408,/Users/tsiameh/Desktop/PhD.MSU/Spring2021/PatternRecognition/project/PatternRecognition/Mask_NoMask/test/hirjzqktwfoauvblgqocpnrhksqdih.jpg,0
409,/Users/tsiameh/Desktop/PhD.MSU/Spring2021/PatternRecognition/project/PatternRecognition/Mask_NoMask/test/ewrlffkoseneqgraxwhomtlwxiwekb.jpg,1
410,/Users/tsiameh/Desktop/PhD.MSU/Spring2021/PatternRecognition/project/PatternRecognition/Mask_NoMask/test/glpbrbtkrussrnfolvxynzjdfkvbin.jpg,0
411,/Users/tsiameh/Desktop/PhD.MSU/Spring2021/PatternRecognition/project/PatternRecognition/Mask_NoMask/test/krnwchletlzkiqqzgvdfhwgcweukol.jpg,1
412,/Users/tsiameh/Desktop/PhD.MSU/Spring2021/PatternRecognition/project/PatternRecognition/Mask_NoMask/test/ovyapwxepknnprboziljwxeskjuiim.jpg,1
413,/Users/tsiameh/Desktop/PhD.MSU/Spring2021/PatternRecognition/project/PatternRecognition/Mask_NoMask/test/snylansyoagwhxkcenskjanfkgpigr.jpg,0
414,/Users/tsiameh/Desktop/PhD.MSU/Spring2021/PatternRecognition/project/PatternRecognition/Mask_NoMask/test/qwqvucqqtmtobwedwslipeohnrkuwr.jpg,1
415,/Users/tsiameh/Desktop/PhD.MSU/Spring2021/PatternRecognition/project/PatternRecognition/Mask_NoMask/test/nyqzmqlebpyheacmxpeacxszlgxagk.jpg,1
416,/Users/tsiameh/Desktop/PhD.MSU/Spring2021/PatternRecognition/project/PatternRecognition/Mask_NoMask/test/saxrcfliklfijsofesenfhbpipucza.jpg,1
417,/Users/tsiameh/Desktop/PhD.MSU/Spring2021/PatternRecognition/project/PatternRecognition/Mask_NoMask/test/mdwgptlsdcgkglflwsqseheibugref.jpg,1
418,/Users/tsiameh/Desktop/PhD.MSU/Spring2021/PatternRecognition/project/PatternRecognition/Mask_NoMask/test/zgigmyufwdfgxuspzppusdfstysjfs.jpg,1
419,/Users/tsiameh/Desktop/PhD.MSU/Spring2021/PatternRecognition/project/PatternRecognition/Mask_NoMask/test/jbmhymhbpiobylwbugudyfpnkmisbc.jpg,0
420,/Users/tsiameh/Desktop/PhD.MSU/Spring2021/PatternRecognition/project/PatternRecognition/Mask_NoMask/test/pdpxzumgibtauzdnqjxumygocmkunl.jpg,0
421,/Users/tsiameh/Desktop/PhD.MSU/Spring2021/PatternRecognition/project/PatternRecognition/Mask_NoMask/test/cgnarbagkiqkuvnbgidtpbpzlxxzzc.jpg,0
422,/Users/tsiameh/Desktop/PhD.MSU/Spring2021/PatternRecognition/project/PatternRecognition/Mask_NoMask/test/mawbecdfltccgqymuosaxqmntvllvm.jpg,1
423,/Users/tsiameh/Desktop/PhD.MSU/Spring2021/PatternRecognition/project/PatternRecognition/Mask_NoMask/test/jkutvlbzwibdltuythhqtweqazglok.jpg,1
424,/Users/tsiameh/Desktop/PhD.MSU/Spring2021/PatternRecognition/project/PatternRecognition/Mask_NoMask/test/wpiddqgustjsgnzcdoykwhecjmfsbo.jpg,0
425,/Users/tsiameh/Desktop/PhD.MSU/Spring2021/PatternRecognition/project/PatternRecognition/Mask_NoMask/test/pneabcoxhrbfqowczgsexzharlezae.jpg,1
426,/Users/tsiameh/Desktop/PhD.MSU/Spring2021/PatternRecognition/project/PatternRecognition/Mask_NoMask/test/rfbvqxxqlifrbwhfyopkxalfmvyhfy.jpg,0
427,/Users/tsiameh/Desktop/PhD.MSU/Spring2021/PatternRecognition/project/PatternRecognition/Mask_NoMask/test/zkpcokomrmpbncplmxcklnvgaabmoq.jpg,0
428,/Users/tsiameh/Desktop/PhD.MSU/Spring2021/PatternRecognition/project/PatternRecognition/Mask_NoMask/test/ijmzxmoihywxoariplmfexcmexsibs.jpg,0
429,/Users/tsiameh/Desktop/PhD.MSU/Spring2021/PatternRecognition/project/PatternRecognition/Mask_NoMask/test/ejmhvjdcgulaxvqqwyuwabbwqjievn.jpg,0
430,/Users/tsiameh/Desktop/PhD.MSU/Spring2021/PatternRecognition/project/PatternRecognition/Mask_NoMask/test/dlaaovaxfeqezvculovoovlyakhlgd(1).jpg,1
431,/Users/tsiameh/Desktop/PhD.MSU/Spring2021/PatternRecognition/project/PatternRecognition/Mask_NoMask/test/ftcupseqywfpqtfftqilalhmaanpcv.jpg,1
432,/Users/tsiameh/Desktop/PhD.MSU/Spring2021/PatternRecognition/project/PatternRecognition/Mask_NoMask/test/qcwfppwrwajqvcjtzgadczsmjjglpa.jpg,1
433,/Users/tsiameh/Desktop/PhD.MSU/Spring2021/PatternRecognition/project/PatternRecognition/Mask_NoMask/test/bakmhsflobtjjwilhsiqynhmnrjjnq.jpg,1
434,/Users/tsiameh/Desktop/PhD.MSU/Spring2021/PatternRecognition/project/PatternRecognition/Mask_NoMask/test/sdfklgwygtjlxmwtbggmobikmuuzaw.jpg,0
435,/Users/tsiameh/Desktop/PhD.MSU/Spring2021/PatternRecognition/project/PatternRecognition/Mask_NoMask/test/idnwoyvjflsoiwvbcleokhdfgdwqng.jpg,1
436,/Users/tsiameh/Desktop/PhD.MSU/Spring2021/PatternRecognition/project/PatternRecognition/Mask_NoMask/test/uxxhcjkukexpxutwqbvdjpgurqmwli.jpg,0
437,/Users/tsiameh/Desktop/PhD.MSU/Spring2021/PatternRecognition/project/PatternRecognition/Mask_NoMask/test/csaamuupuegbgkdvhihaucddwkvgcg.jpg,1
438,/Users/tsiameh/Desktop/PhD.MSU/Spring2021/PatternRecognition/project/PatternRecognition/Mask_NoMask/test/xnyhtjljydambkxbueqmgixbainqrw.jpg,0
439,/Users/tsiameh/Desktop/PhD.MSU/Spring2021/PatternRecognition/project/PatternRecognition/Mask_NoMask/test/twuombcbchukiltgyoxxovvpqidulj.jpg,0
440,/Users/tsiameh/Desktop/PhD.MSU/Spring2021/PatternRecognition/project/PatternRecognition/Mask_NoMask/test/jgvemmdihzkjgodvehrlpacstjwnbv.jpg,1
441,/Users/tsiameh/Desktop/PhD.MSU/Spring2021/PatternRecognition/project/PatternRecognition/Mask_NoMask/test/meqeaivcxrtyjjlaaysnjeytrmpqmg.jpg,0
442,/Users/tsiameh/Desktop/PhD.MSU/Spring2021/PatternRecognition/project/PatternRecognition/Mask_NoMask/test/pcoalfrhngfbattlzqaljgpzrmdiby.jpg,0
443,/Users/tsiameh/Desktop/PhD.MSU/Spring2021/PatternRecognition/project/PatternRecognition/Mask_NoMask/test/ylqsaoehrinbdgkmyqobrytabqvqad.jpg,1
444,/Users/tsiameh/Desktop/PhD.MSU/Spring2021/PatternRecognition/project/PatternRecognition/Mask_NoMask/test/pmlzympeefriiyldejvguoilrtbczx.jpg,0
445,/Users/tsiameh/Desktop/PhD.MSU/Spring2021/PatternRecognition/project/PatternRecognition/Mask_NoMask/test/nujqgvjxtkvnopkfyzciaziyjndntp.jpg,0
446,/Users/tsiameh/Desktop/PhD.MSU/Spring2021/PatternRecognition/project/PatternRecognition/Mask_NoMask/test/abpxvdfyhaaohzcrngcucmhffwizxs.jpg,1
447,/Users/tsiameh/Desktop/PhD.MSU/Spring2021/PatternRecognition/project/PatternRecognition/Mask_NoMask/test/zodcoeblnsvtuoftjlpquidfhnbtwc.jpg,1
448,/Users/tsiameh/Desktop/PhD.MSU/Spring2021/PatternRecognition/project/PatternRecognition/Mask_NoMask/test/yklgcnlafkcgjozrkuzbebbsggluus.png,1
449,/Users/tsiameh/Desktop/PhD.MSU/Spring2021/PatternRecognition/project/PatternRecognition/Mask_NoMask/test/hdftlvovpcycpipsqjnfxbzuvmlnlm.jpg,0
450,/Users/tsiameh/Desktop/PhD.MSU/Spring2021/PatternRecognition/project/PatternRecognition/Mask_NoMask/test/laaqrylcpzmanpcdilwteiuhetchzt.jpg,0
451,/Users/tsiameh/Desktop/PhD.MSU/Spring2021/PatternRecognition/project/PatternRecognition/Mask_NoMask/test/yyvvnujfgpfcpcgwdyjfthnlycslkk.jpg,1
452,/Users/tsiameh/Desktop/PhD.MSU/Spring2021/PatternRecognition/project/PatternRecognition/Mask_NoMask/test/pfruckaftscryoyslnzsaqjlrntcdh.jpg,1
453,/Users/tsiameh/Desktop/PhD.MSU/Spring2021/PatternRecognition/project/PatternRecognition/Mask_NoMask/test/alcveyvosnywyjbmngolmnblftdoje.jpg,1
454,/Users/tsiameh/Desktop/PhD.MSU/Spring2021/PatternRecognition/project/PatternRecognition/Mask_NoMask/test/smanxydzpnqbtgyhnkbkqslunnvvyg.jpg,1
455,/Users/tsiameh/Desktop/PhD.MSU/Spring2021/PatternRecognition/project/PatternRecognition/Mask_NoMask/test/ppgimbjhcwxshiqofuziffffgvnnbt.jpg,0
456,/Users/tsiameh/Desktop/PhD.MSU/Spring2021/PatternRecognition/project/PatternRecognition/Mask_NoMask/test/rjcsevtxucgtrcxvvsblkrakusacxq.jpg,1
457,/Users/tsiameh/Desktop/PhD.MSU/Spring2021/PatternRecognition/project/PatternRecognition/Mask_NoMask/test/mbekjxyxdchvessngkvjexxfyqdrvv.jpg,1
458,/Users/tsiameh/Desktop/PhD.MSU/Spring2021/PatternRecognition/project/PatternRecognition/Mask_NoMask/test/aclkjfvackiieiznzfcwienplielrj.jpg,0
459,/Users/tsiameh/Desktop/PhD.MSU/Spring2021/PatternRecognition/project/PatternRecognition/Mask_NoMask/test/xxirvsjxpsdmicscgrmpcczbnrtoek.jpg,1
460,/Users/tsiameh/Desktop/PhD.MSU/Spring2021/PatternRecognition/project/PatternRecognition/Mask_NoMask/test/fwjhmiqtdoufzyyzkjzxrhzdwkcedo.jpg,1
461,/Users/tsiameh/Desktop/PhD.MSU/Spring2021/PatternRecognition/project/PatternRecognition/Mask_NoMask/test/trvmaugxfpnagutconbyismxjoizzi.jpg,0
462,/Users/tsiameh/Desktop/PhD.MSU/Spring2021/PatternRecognition/project/PatternRecognition/Mask_NoMask/test/amvorhijzrsihdqvyddkamjdyuahqm.jpg,1
463,/Users/tsiameh/Desktop/PhD.MSU/Spring2021/PatternRecognition/project/PatternRecognition/Mask_NoMask/test/ykngxpgtimmeszcxyntqujxyslvkrz.jpg,0
464,/Users/tsiameh/Desktop/PhD.MSU/Spring2021/PatternRecognition/project/PatternRecognition/Mask_NoMask/test/hkftgcijkghprpxyuknyfimzjlzpde.jpg,0
465,/Users/tsiameh/Desktop/PhD.MSU/Spring2021/PatternRecognition/project/PatternRecognition/Mask_NoMask/test/eqhyxymtcmsvgesckcrjowyebhnohw.jpg,1
466,/Users/tsiameh/Desktop/PhD.MSU/Spring2021/PatternRecognition/project/PatternRecognition/Mask_NoMask/test/fxrmuuyabdjwnsveyuijcliwmywezh.jpg,0
467,/Users/tsiameh/Desktop/PhD.MSU/Spring2021/PatternRecognition/project/PatternRecognition/Mask_NoMask/test/vdntoytydbayclzrqpfguwpzhplhvj.jpg,0
468,/Users/tsiameh/Desktop/PhD.MSU/Spring2021/PatternRecognition/project/PatternRecognition/Mask_NoMask/test/xzcvpmdsnwcmeooidiemxzofsvqrvo.png,0
469,/Users/tsiameh/Desktop/PhD.MSU/Spring2021/PatternRecognition/project/PatternRecognition/Mask_NoMask/test/pixwzsjkuqmcdyobcgumwetegmnyfu.jpg,1
470,/Users/tsiameh/Desktop/PhD.MSU/Spring2021/PatternRecognition/project/PatternRecognition/Mask_NoMask/test/nxigjkucblcrgqfmwcwritnrmcjsgz.jpg,1
471,/Users/tsiameh/Desktop/PhD.MSU/Spring2021/PatternRecognition/project/PatternRecognition/Mask_NoMask/test/fvitugrhbmzimhnlanfwqhnmtovgob.jpg,0
472,/Users/tsiameh/Desktop/PhD.MSU/Spring2021/PatternRecognition/project/PatternRecognition/Mask_NoMask/test/ziseknqemrbhawedjdyxevolrwumkq.jpg,1
473,/Users/tsiameh/Desktop/PhD.MSU/Spring2021/PatternRecognition/project/PatternRecognition/Mask_NoMask/test/puffqlvmnlfcwcplpgbrgkuhgkejnl.jpg,1
474,/Users/tsiameh/Desktop/PhD.MSU/Spring2021/PatternRecognition/project/PatternRecognition/Mask_NoMask/test/uemcyhtssgjcecjovuzrmvkxqwmldt.jpg,1
475,/Users/tsiameh/Desktop/PhD.MSU/Spring2021/PatternRecognition/project/PatternRecognition/Mask_NoMask/test/uqpvmjbjlwceqgltplhvdxyinayphz.jpg,0
476,/Users/tsiameh/Desktop/PhD.MSU/Spring2021/PatternRecognition/project/PatternRecognition/Mask_NoMask/test/haghwzucuaiwbeuerzxnrnflkytyqu.jpg,1
477,/Users/tsiameh/Desktop/PhD.MSU/Spring2021/PatternRecognition/project/PatternRecognition/Mask_NoMask/test/jhvehfryklsushrvqiyjrxtybsyxjs.jpg,1
478,/Users/tsiameh/Desktop/PhD.MSU/Spring2021/PatternRecognition/project/PatternRecognition/Mask_NoMask/test/qiqrvyhllvochhswibdzbsxcuyfcif.jpg,1
479,/Users/tsiameh/Desktop/PhD.MSU/Spring2021/PatternRecognition/project/PatternRecognition/Mask_NoMask/test/versewmzeguanbftslpjlyrupgqobt.jpg,1
480,/Users/tsiameh/Desktop/PhD.MSU/Spring2021/PatternRecognition/project/PatternRecognition/Mask_NoMask/test/fvvzssylplidrbhtvshkkfflzatqsd.jpg,0
481,/Users/tsiameh/Desktop/PhD.MSU/Spring2021/PatternRecognition/project/PatternRecognition/Mask_NoMask/test/shtuvrpsdcmoaooaeitmnpuckoaraa.jpg,0
482,/Users/tsiameh/Desktop/PhD.MSU/Spring2021/PatternRecognition/project/PatternRecognition/Mask_NoMask/test/lzvnzvftxmsgfnxqriwbranxlyjumy.jpg,1
483,/Users/tsiameh/Desktop/PhD.MSU/Spring2021/PatternRecognition/project/PatternRecognition/Mask_NoMask/test/eusetdoazbgklyqcezwcacrokjcufo.jpg,0
484,/Users/tsiameh/Desktop/PhD.MSU/Spring2021/PatternRecognition/project/PatternRecognition/Mask_NoMask/test/ethbvskgnyzyuirqytshhzvyzbqjxv.jpg,0
485,/Users/tsiameh/Desktop/PhD.MSU/Spring2021/PatternRecognition/project/PatternRecognition/Mask_NoMask/test/tzwrmkyyhlxjrbedtztknvlrgdmnfq.jpg,0
486,/Users/tsiameh/Desktop/PhD.MSU/Spring2021/PatternRecognition/project/PatternRecognition/Mask_NoMask/test/utjaezxnmbadaiqjqgkmdmfdzqozqr.jpg,1
487,/Users/tsiameh/Desktop/PhD.MSU/Spring2021/PatternRecognition/project/PatternRecognition/Mask_NoMask/test/nbpkndryqyojnydlzlnfibqdhnsjzo.jpg,0
488,/Users/tsiameh/Desktop/PhD.MSU/Spring2021/PatternRecognition/project/PatternRecognition/Mask_NoMask/test/lpozqsannlntslamuxvcfpbjttiihl.jpg,1
489,/Users/tsiameh/Desktop/PhD.MSU/Spring2021/PatternRecognition/project/PatternRecognition/Mask_NoMask/test/ayqcgikqwwnikkwdufxnxhfixdpelp.jpg,0
490,/Users/tsiameh/Desktop/PhD.MSU/Spring2021/PatternRecognition/project/PatternRecognition/Mask_NoMask/test/ytxadvbbcvbohxmbtvnyepjzdskwli.jpg,1
491,/Users/tsiameh/Desktop/PhD.MSU/Spring2021/PatternRecognition/project/PatternRecognition/Mask_NoMask/test/wischoicbrogjyfnhdycphsaneiuwm.jpg,1
492,/Users/tsiameh/Desktop/PhD.MSU/Spring2021/PatternRecognition/project/PatternRecognition/Mask_NoMask/test/ccliaukfdmqskirlsqaemkdtziyhos.jpg,1
493,/Users/tsiameh/Desktop/PhD.MSU/Spring2021/PatternRecognition/project/PatternRecognition/Mask_NoMask/test/txjtghyvfckkbeihbmqcamrwmhfwfr.jpg,0
494,/Users/tsiameh/Desktop/PhD.MSU/Spring2021/PatternRecognition/project/PatternRecognition/Mask_NoMask/test/ktfusajinfwbuflriajdptixqssvun.jpg,0
495,/Users/tsiameh/Desktop/PhD.MSU/Spring2021/PatternRecognition/project/PatternRecognition/Mask_NoMask/test/clibkrbidguqcugbkymxqioqwolsvv.jpg,0
496,/Users/tsiameh/Desktop/PhD.MSU/Spring2021/PatternRecognition/project/PatternRecognition/Mask_NoMask/test/bfjrheksmajsxlorqmwtpwjonzkyiv.jpg,0
497,/Users/tsiameh/Desktop/PhD.MSU/Spring2021/PatternRecognition/project/PatternRecognition/Mask_NoMask/test/xkdueyinwrnlyioamfbqqymynyyjow.jpg,1
498,/Users/tsiameh/Desktop/PhD.MSU/Spring2021/PatternRecognition/project/PatternRecognition/Mask_NoMask/test/rbztrgnugpkdoaxagndgdjbijoqele.jpg,0
499,/Users/tsiameh/Desktop/PhD.MSU/Spring2021/PatternRecognition/project/PatternRecognition/Mask_NoMask/test/gvykagbusbpbuzcvkftzaatczcevwk.png,0
500,/Users/tsiameh/Desktop/PhD.MSU/Spring2021/PatternRecognition/project/PatternRecognition/Mask_NoMask/test/vlxbaplwagipvtfkcjbzapysqmffld.jpg,0
501,/Users/tsiameh/Desktop/PhD.MSU/Spring2021/PatternRecognition/project/PatternRecognition/Mask_NoMask/test/jelzmmcmozeaeiswvdkwcltfccanwg.jpg,0
502,/Users/tsiameh/Desktop/PhD.MSU/Spring2021/PatternRecognition/project/PatternRecognition/Mask_NoMask/test/qgseasopsvkydhuvnlfmzqbgjydsys.jpg,0
503,/Users/tsiameh/Desktop/PhD.MSU/Spring2021/PatternRecognition/project/PatternRecognition/Mask_NoMask/test/wdlioyaloeejrcvmjpixqoczoesuns.jpg,1
504,/Users/tsiameh/Desktop/PhD.MSU/Spring2021/PatternRecognition/project/PatternRecognition/Mask_NoMask/test/qipkjvcthoccixqxbsdcqgjtzmqvcq.jpg,0
505,/Users/tsiameh/Desktop/PhD.MSU/Spring2021/PatternRecognition/project/PatternRecognition/Mask_NoMask/test/aelkivmayxgsdjosiibfgmkvfrjvjk.jpg,0
506,/Users/tsiameh/Desktop/PhD.MSU/Spring2021/PatternRecognition/project/PatternRecognition/Mask_NoMask/test/raoltfuznhttwcfpscjepcqakdkmey.jpg,0
507,/Users/tsiameh/Desktop/PhD.MSU/Spring2021/PatternRecognition/project/PatternRecognition/Mask_NoMask/test/vluqtgdfiywtuveucboijzbanifapn.jpg,0
508,/Users/tsiameh/Desktop/PhD.MSU/Spring2021/PatternRecognition/project/PatternRecognition/Mask_NoMask/test/usdqhnysmqfjitrxqnfxkureaphlsa.jpg,1
509,/Users/tsiameh/Desktop/PhD.MSU/Spring2021/PatternRecognition/project/PatternRecognition/Mask_NoMask/test/imzjoogcbcvsgkbekgsxdfhxdlodgb.jpg,1
510,/Users/tsiameh/Desktop/PhD.MSU/Spring2021/PatternRecognition/project/PatternRecognition/Mask_NoMask/test/phpzhjjsvyqxouxeeaethnilycqdoz.jpg,1
511,/Users/tsiameh/Desktop/PhD.MSU/Spring2021/PatternRecognition/project/PatternRecognition/Mask_NoMask/test/cemwpmilmtzyyvpoxxflruiyubdzvc.jpg,0
512,/Users/tsiameh/Desktop/PhD.MSU/Spring2021/PatternRecognition/project/PatternRecognition/Mask_NoMask/test/lsdynvygkfyqehlpwbqammadxmsctv.jpg,1
513,/Users/tsiameh/Desktop/PhD.MSU/Spring2021/PatternRecognition/project/PatternRecognition/Mask_NoMask/test/gexghbuikqpefswrouipqfgvkzdkzv.jpg,1
